,STATENAME,ACTIVITY LEVEL,WEEK,SEASON
0,Alabama,1,41,2015
1,Alabama,1,42,2015
2,Alabama,1,43,2015
3,Alabama,1,44,2015
4,Alabama,1,45,2015
5,Alabama,1,46,2015
6,Alabama,3,47,2015
7,Alabama,1,48,2015
8,Alabama,1,49,2015
9,Alabama,2,50,2015
10,Alabama,2,51,2015
11,Alabama,1,52,2015
12,Alabama,1,1,2015
13,Alabama,1,2,2015
14,Alabama,2,3,2015
15,Alabama,1,4,2015
16,Alabama,2,5,2015
17,Alabama,1,6,2015
18,Alabama,4,7,2015
19,Alabama,6,8,2015
20,Alabama,9,9,2015
21,Alabama,10,10,2015
22,Alabama,7,11,2015
23,Alabama,7,12,2015
24,Alabama,9,13,2015
25,Alabama,5,14,2015
26,Alabama,3,15,2015
27,Alabama,4,16,2015
28,Alabama,2,17,2015
29,Alabama,1,18,2015
30,Alabama,1,19,2015
31,Alabama,1,20,2015
32,Alabama,1,21,2015
33,Alabama,1,22,2015
34,Alabama,1,23,2015
35,Alabama,1,24,2015
36,Alabama,1,25,2015
37,Alabama,1,26,2015
38,Alabama,1,27,2015
39,Alabama,1,28,2015
40,Alabama,1,29,2015
41,Alabama,1,30,2015
42,Alabama,1,31,2015
43,Alabama,1,32,2015
44,Alabama,1,33,2015
45,Alabama,1,34,2015
46,Alabama,1,35,2015
47,Alabama,1,36,2015
48,Alabama,1,37,2015
49,Alabama,1,38,2015
50,Alabama,1,39,2015
51,Alaska,1,39,2015
52,Alaska,1,38,2015
53,Alaska,1,37,2015
54,Alaska,1,36,2015
55,Alaska,1,35,2015
56,Alaska,1,34,2015
57,Alaska,1,33,2015
58,Alaska,1,32,2015
59,Alaska,1,31,2015
60,Alaska,1,30,2015
61,Alaska,1,29,2015
62,Alaska,1,28,2015
63,Alaska,1,27,2015
64,Alaska,1,26,2015
65,Alaska,1,25,2015
66,Alaska,1,24,2015
67,Alaska,1,23,2015
68,Alaska,1,22,2015
69,Alaska,1,21,2015
70,Alaska,3,20,2015
71,Alaska,1,19,2015
72,Alaska,1,18,2015
73,Alaska,1,17,2015
74,Alaska,4,16,2015
75,Alaska,2,15,2015
76,Alaska,4,14,2015
77,Alaska,6,13,2015
78,Alaska,5,12,2015
79,Alaska,7,11,2015
80,Alaska,4,10,2015
81,Alaska,1,9,2015
82,Alaska,1,8,2015
83,Alaska,1,7,2015
84,Alaska,1,6,2015
85,Alaska,1,5,2015
86,Alaska,1,4,2015
87,Alaska,1,3,2015
88,Alaska,1,2,2015
89,Alaska,1,1,2015
90,Alaska,1,52,2015
91,Alaska,1,51,2015
92,Alaska,1,50,2015
93,Alaska,1,49,2015
94,Alaska,1,48,2015
95,Alaska,1,47,2015
96,Alaska,1,46,2015
97,Alaska,1,45,2015
98,Alaska,1,44,2015
99,Alaska,1,43,2015
100,Alaska,1,42,2015
101,Alaska,1,41,2015
102,Alaska,1,40,2015
103,Arizona,1,40,2015
104,Arizona,2,41,2015
105,Arizona,2,42,2015
106,Arizona,3,43,2015
107,Arizona,3,44,2015
108,Arizona,3,45,2015
109,Arizona,3,46,2015
110,Arizona,3,47,2015
111,Arizona,4,48,2015
112,Arizona,4,49,2015
113,Arizona,4,50,2015
114,Arizona,6,51,2015
115,Arizona,5,52,2015
116,Arizona,5,1,2015
117,Arizona,5,2,2015
118,Arizona,6,3,2015
119,Arizona,7,4,2015
120,Arizona,9,5,2015
121,Arizona,10,6,2015
122,Arizona,10,7,2015
123,Arizona,10,8,2015
124,Arizona,10,9,2015
125,Arizona,10,10,2015
126,Arizona,8,11,2015
127,Arizona,6,12,2015
128,Arizona,6,13,2015
129,Arizona,5,14,2015
130,Arizona,6,15,2015
131,Arizona,5,16,2015
132,Arizona,4,17,2015
133,Arizona,3,18,2015
134,Arizona,3,19,2015
135,Arizona,3,20,2015
136,Arizona,2,21,2015
137,Arizona,2,22,2015
138,Arizona,2,23,2015
139,Arizona,2,24,2015
140,Arizona,1,25,2015
141,Arizona,1,26,2015
142,Arizona,1,27,2015
143,Arizona,1,28,2015
144,Arizona,1,29,2015
145,Arizona,1,30,2015
146,Arizona,1,31,2015
147,Arizona,1,32,2015
148,Arizona,1,33,2015
149,Arizona,1,34,2015
150,Arizona,1,35,2015
151,Arizona,1,36,2015
152,Arizona,1,37,2015
153,Arizona,1,38,2015
154,Arizona,1,39,2015
155,Arkansas,1,39,2015
156,Arkansas,1,38,2015
157,Arkansas,2,37,2015
158,Arkansas,1,36,2015
159,Arkansas,1,35,2015
160,Arkansas,1,34,2015
161,Arkansas,1,33,2015
162,Arkansas,1,32,2015
163,Arkansas,1,31,2015
164,Arkansas,1,30,2015
165,Arkansas,1,29,2015
166,Arkansas,1,28,2015
167,Arkansas,1,27,2015
168,Arkansas,1,26,2015
169,Arkansas,1,25,2015
170,Arkansas,1,24,2015
171,Arkansas,1,23,2015
172,Arkansas,1,22,2015
173,Arkansas,1,21,2015
174,Arkansas,1,20,2015
175,Arkansas,2,19,2015
176,Arkansas,5,18,2015
177,Arkansas,2,17,2015
178,Arkansas,7,16,2015
179,Arkansas,7,15,2015
180,Arkansas,5,14,2015
181,Arkansas,6,13,2015
182,Arkansas,5,12,2015
183,Arkansas,9,11,2015
184,Arkansas,10,10,2015
185,Arkansas,10,9,2015
186,Arkansas,5,8,2015
187,Arkansas,4,7,2015
188,Arkansas,3,6,2015
189,Arkansas,2,5,2015
190,Arkansas,2,4,2015
191,Arkansas,1,3,2015
192,Arkansas,1,2,2015
193,Arkansas,1,1,2015
194,Arkansas,1,52,2015
195,Arkansas,1,51,2015
196,Arkansas,1,50,2015
197,Arkansas,1,49,2015
198,Arkansas,1,48,2015
199,Arkansas,1,47,2015
200,Arkansas,1,46,2015
201,Arkansas,1,45,2015
202,Arkansas,1,44,2015
203,Arkansas,1,43,2015
204,Arkansas,1,42,2015
205,Arkansas,1,41,2015
206,Arkansas,1,40,2015
207,California,1,40,2015
208,California,1,41,2015
209,California,1,42,2015
210,California,1,43,2015
211,California,1,44,2015
212,California,1,45,2015
213,California,1,46,2015
214,California,1,47,2015
215,California,1,48,2015
216,California,1,49,2015
217,California,1,50,2015
218,California,1,51,2015
219,California,3,52,2015
220,California,1,1,2015
221,California,1,2,2015
222,California,2,3,2015
223,California,2,4,2015
224,California,4,5,2015
225,California,6,6,2015
226,California,7,7,2015
227,California,5,8,2015
228,California,5,9,2015
229,California,6,10,2015
230,California,4,11,2015
231,California,3,12,2015
232,California,2,13,2015
233,California,1,14,2015
234,California,1,15,2015
235,California,1,16,2015
236,California,1,17,2015
237,California,1,18,2015
238,California,1,19,2015
239,California,1,20,2015
240,California,1,21,2015
241,California,1,22,2015
242,California,1,23,2015
243,California,1,24,2015
244,California,1,25,2015
245,California,1,26,2015
246,California,1,27,2015
247,California,1,28,2015
248,California,1,29,2015
249,California,1,30,2015
250,California,1,31,2015
251,California,1,32,2015
252,California,1,33,2015
253,California,1,34,2015
254,California,1,35,2015
255,California,1,36,2015
256,California,1,37,2015
257,California,1,38,2015
258,California,1,39,2015
259,Colorado,2,39,2015
260,Colorado,2,38,2015
261,Colorado,3,37,2015
262,Colorado,2,36,2015
263,Colorado,4,35,2015
264,Colorado,1,34,2015
265,Colorado,1,33,2015
266,Colorado,1,32,2015
267,Colorado,1,31,2015
268,Colorado,1,30,2015
269,Colorado,1,29,2015
270,Colorado,1,28,2015
271,Colorado,1,27,2015
272,Colorado,1,26,2015
273,Colorado,1,25,2015
274,Colorado,1,24,2015
275,Colorado,1,23,2015
276,Colorado,1,22,2015
277,Colorado,1,21,2015
278,Colorado,1,20,2015
279,Colorado,2,19,2015
280,Colorado,2,18,2015
281,Colorado,2,17,2015
282,Colorado,3,16,2015
283,Colorado,3,15,2015
284,Colorado,3,14,2015
285,Colorado,4,13,2015
286,Colorado,5,12,2015
287,Colorado,4,11,2015
288,Colorado,5,10,2015
289,Colorado,5,9,2015
290,Colorado,4,8,2015
291,Colorado,4,7,2015
292,Colorado,3,6,2015
293,Colorado,3,5,2015
294,Colorado,2,4,2015
295,Colorado,3,3,2015
296,Colorado,3,2,2015
297,Colorado,3,1,2015
298,Colorado,4,52,2015
299,Colorado,2,51,2015
300,Colorado,2,50,2015
301,Colorado,2,49,2015
302,Colorado,1,48,2015
303,Colorado,2,47,2015
304,Colorado,2,46,2015
305,Colorado,1,45,2015
306,Colorado,1,44,2015
307,Colorado,2,43,2015
308,Colorado,2,42,2015
309,Colorado,2,41,2015
310,Colorado,1,40,2015
311,Connecticut,1,40,2015
312,Connecticut,1,41,2015
313,Connecticut,1,42,2015
314,Connecticut,1,43,2015
315,Connecticut,1,44,2015
316,Connecticut,1,45,2015
317,Connecticut,1,46,2015
318,Connecticut,1,47,2015
319,Connecticut,1,48,2015
320,Connecticut,1,49,2015
321,Connecticut,2,50,2015
322,Connecticut,1,51,2015
323,Connecticut,2,52,2015
324,Connecticut,4,1,2015
325,Connecticut,4,2,2015
326,Connecticut,4,3,2015
327,Connecticut,6,4,2015
328,Connecticut,6,5,2015
329,Connecticut,8,6,2015
330,Connecticut,7,7,2015
331,Connecticut,8,8,2015
332,Connecticut,7,9,2015
333,Connecticut,7,10,2015
334,Connecticut,4,11,2015
335,Connecticut,4,12,2015
336,Connecticut,5,13,2015
337,Connecticut,4,14,2015
338,Connecticut,4,15,2015
339,Connecticut,4,16,2015
340,Connecticut,2,17,2015
341,Connecticut,3,18,2015
342,Connecticut,1,19,2015
343,Connecticut,1,20,2015
344,Connecticut,1,21,2015
345,Connecticut,1,22,2015
346,Connecticut,1,23,2015
347,Connecticut,1,24,2015
348,Connecticut,1,25,2015
349,Connecticut,1,26,2015
350,Connecticut,1,27,2015
351,Connecticut,1,28,2015
352,Connecticut,1,29,2015
353,Connecticut,1,30,2015
354,Connecticut,1,31,2015
355,Connecticut,1,32,2015
356,Connecticut,1,33,2015
357,Connecticut,1,34,2015
358,Connecticut,1,35,2015
359,Connecticut,1,36,2015
360,Connecticut,1,37,2015
361,Connecticut,1,38,2015
362,Connecticut,1,39,2015
363,Delaware,1,39,2015
364,Delaware,1,38,2015
365,Delaware,1,37,2015
366,Delaware,1,36,2015
367,Delaware,1,35,2015
368,Delaware,1,34,2015
369,Delaware,1,33,2015
370,Delaware,1,32,2015
371,Delaware,1,31,2015
372,Delaware,1,30,2015
373,Delaware,1,29,2015
374,Delaware,1,28,2015
375,Delaware,1,27,2015
376,Delaware,1,26,2015
377,Delaware,1,25,2015
378,Delaware,1,24,2015
379,Delaware,1,23,2015
380,Delaware,1,22,2015
381,Delaware,1,21,2015
382,Delaware,1,20,2015
383,Delaware,1,19,2015
384,Delaware,1,18,2015
385,Delaware,1,17,2015
386,Delaware,1,16,2015
387,Delaware,1,15,2015
388,Delaware,1,14,2015
389,Delaware,1,13,2015
390,Delaware,1,12,2015
391,Delaware,1,11,2015
392,Delaware,2,10,2015
393,Delaware,1,9,2015
394,Delaware,1,8,2015
395,Delaware,1,7,2015
396,Delaware,1,6,2015
397,Delaware,1,5,2015
398,Delaware,1,4,2015
399,Delaware,1,3,2015
400,Delaware,1,2,2015
401,Delaware,1,1,2015
402,Delaware,1,52,2015
403,Delaware,1,51,2015
404,Delaware,1,50,2015
405,Delaware,1,49,2015
406,Delaware,1,48,2015
407,Delaware,1,47,2015
408,Delaware,1,46,2015
409,Delaware,1,45,2015
410,Delaware,1,44,2015
411,Delaware,1,43,2015
412,Delaware,1,42,2015
413,Delaware,1,41,2015
414,Delaware,1,40,2015
415,District of Columbia,0,41,2015
416,District of Columbia,0,42,2015
417,District of Columbia,0,43,2015
418,District of Columbia,0,44,2015
419,District of Columbia,0,45,2015
420,District of Columbia,0,46,2015
421,District of Columbia,0,47,2015
422,District of Columbia,0,48,2015
423,District of Columbia,0,49,2015
424,District of Columbia,0,50,2015
425,District of Columbia,0,51,2015
426,District of Columbia,0,52,2015
427,District of Columbia,0,1,2015
428,District of Columbia,0,2,2015
429,District of Columbia,0,3,2015
430,District of Columbia,0,4,2015
431,District of Columbia,0,5,2015
432,District of Columbia,0,6,2015
433,District of Columbia,0,7,2015
434,District of Columbia,0,8,2015
435,District of Columbia,0,9,2015
436,District of Columbia,0,10,2015
437,District of Columbia,0,11,2015
438,District of Columbia,0,12,2015
439,District of Columbia,0,13,2015
440,District of Columbia,0,14,2015
441,District of Columbia,0,15,2015
442,District of Columbia,0,16,2015
443,District of Columbia,0,17,2015
444,District of Columbia,0,18,2015
445,District of Columbia,0,19,2015
446,District of Columbia,0,20,2015
447,District of Columbia,0,21,2015
448,District of Columbia,0,22,2015
449,District of Columbia,0,23,2015
450,District of Columbia,0,24,2015
451,District of Columbia,0,25,2015
452,District of Columbia,0,26,2015
453,District of Columbia,0,27,2015
454,District of Columbia,0,28,2015
455,District of Columbia,0,29,2015
456,District of Columbia,0,30,2015
457,District of Columbia,0,31,2015
458,District of Columbia,0,32,2015
459,District of Columbia,0,33,2015
460,District of Columbia,0,34,2015
461,District of Columbia,0,35,2015
462,District of Columbia,0,36,2015
463,District of Columbia,0,37,2015
464,District of Columbia,0,38,2015
465,District of Columbia,0,39,2015
466,Florida,1,39,2015
467,Florida,1,38,2015
468,Florida,1,37,2015
469,Florida,1,36,2015
470,Florida,1,35,2015
471,Florida,1,34,2015
472,Florida,1,33,2015
473,Florida,1,32,2015
474,Florida,1,31,2015
475,Florida,1,30,2015
476,Florida,1,29,2015
477,Florida,1,28,2015
478,Florida,1,27,2015
479,Florida,1,26,2015
480,Florida,1,25,2015
481,Florida,0,24,2015
482,Florida,0,23,2015
483,Florida,1,22,2015
484,Florida,1,21,2015
485,Florida,1,20,2015
486,Florida,1,19,2015
487,Florida,1,18,2015
488,Florida,1,17,2015
489,Florida,2,16,2015
490,Florida,1,15,2015
491,Florida,2,14,2015
492,Florida,3,13,2015
493,Florida,3,12,2015
494,Florida,4,11,2015
495,Florida,6,10,2015
496,Florida,5,9,2015
497,Florida,7,8,2015
498,Florida,7,7,2015
499,Florida,5,6,2015
500,Florida,4,5,2015
501,Florida,4,4,2015
502,Florida,2,3,2015
503,Florida,1,2,2015
504,Florida,1,1,2015
505,Florida,1,52,2015
506,Florida,1,51,2015
507,Florida,1,50,2015
508,Florida,1,49,2015
509,Florida,1,48,2015
510,Florida,1,47,2015
511,Florida,1,46,2015
512,Florida,1,45,2015
513,Florida,1,44,2015
514,Florida,1,43,2015
515,Florida,1,42,2015
516,Florida,1,41,2015
517,Florida,1,40,2015
518,Georgia,3,40,2015
519,Georgia,2,41,2015
520,Georgia,2,42,2015
521,Georgia,1,43,2015
522,Georgia,2,44,2015
523,Georgia,2,45,2015
524,Georgia,2,46,2015
525,Georgia,3,47,2015
526,Georgia,2,48,2015
527,Georgia,2,49,2015
528,Georgia,4,50,2015
529,Georgia,6,51,2015
530,Georgia,4,52,2015
531,Georgia,3,1,2015
532,Georgia,3,2,2015
533,Georgia,3,3,2015
534,Georgia,3,4,2015
535,Georgia,3,5,2015
536,Georgia,3,6,2015
537,Georgia,5,7,2015
538,Georgia,6,8,2015
539,Georgia,6,9,2015
540,Georgia,8,10,2015
541,Georgia,5,11,2015
542,Georgia,7,12,2015
543,Georgia,6,13,2015
544,Georgia,5,14,2015
545,Georgia,4,15,2015
546,Georgia,4,16,2015
547,Georgia,3,17,2015
548,Georgia,3,18,2015
549,Georgia,3,19,2015
550,Georgia,4,20,2015
551,Georgia,4,21,2015
552,Georgia,3,22,2015
553,Georgia,2,23,2015
554,Georgia,1,24,2015
555,Georgia,1,25,2015
556,Georgia,1,26,2015
557,Georgia,1,27,2015
558,Georgia,1,28,2015
559,Georgia,1,29,2015
560,Georgia,1,30,2015
561,Georgia,1,31,2015
562,Georgia,2,32,2015
563,Georgia,3,33,2015
564,Georgia,4,34,2015
565,Georgia,4,35,2015
566,Georgia,3,36,2015
567,Georgia,3,37,2015
568,Georgia,3,38,2015
569,Georgia,3,39,2015
570,Hawaii,1,39,2015
571,Hawaii,1,38,2015
572,Hawaii,1,37,2015
573,Hawaii,1,36,2015
574,Hawaii,1,35,2015
575,Hawaii,1,34,2015
576,Hawaii,1,33,2015
577,Hawaii,1,32,2015
578,Hawaii,1,31,2015
579,Hawaii,1,30,2015
580,Hawaii,1,29,2015
581,Hawaii,1,28,2015
582,Hawaii,1,27,2015
583,Hawaii,1,26,2015
584,Hawaii,1,25,2015
585,Hawaii,1,24,2015
586,Hawaii,1,23,2015
587,Hawaii,1,22,2015
588,Hawaii,1,21,2015
589,Hawaii,1,20,2015
590,Hawaii,1,19,2015
591,Hawaii,1,18,2015
592,Hawaii,1,17,2015
593,Hawaii,2,16,2015
594,Hawaii,3,15,2015
595,Hawaii,7,14,2015
596,Hawaii,6,13,2015
597,Hawaii,7,12,2015
598,Hawaii,9,11,2015
599,Hawaii,9,10,2015
600,Hawaii,7,9,2015
601,Hawaii,8,8,2015
602,Hawaii,5,7,2015
603,Hawaii,6,6,2015
604,Hawaii,2,5,2015
605,Hawaii,3,4,2015
606,Hawaii,1,3,2015
607,Hawaii,1,2,2015
608,Hawaii,1,1,2015
609,Hawaii,1,52,2015
610,Hawaii,1,51,2015
611,Hawaii,1,50,2015
612,Hawaii,1,49,2015
613,Hawaii,1,48,2015
614,Hawaii,1,47,2015
615,Hawaii,1,46,2015
616,Hawaii,1,45,2015
617,Hawaii,1,44,2015
618,Hawaii,1,43,2015
619,Hawaii,1,42,2015
620,Hawaii,1,41,2015
621,Hawaii,1,40,2015
622,Idaho,1,40,2015
623,Idaho,1,41,2015
624,Idaho,1,42,2015
625,Idaho,1,43,2015
626,Idaho,1,44,2015
627,Idaho,1,45,2015
628,Idaho,1,46,2015
629,Idaho,1,47,2015
630,Idaho,1,48,2015
631,Idaho,1,49,2015
632,Idaho,1,50,2015
633,Idaho,1,51,2015
634,Idaho,1,52,2015
635,Idaho,2,1,2015
636,Idaho,1,2,2015
637,Idaho,1,3,2015
638,Idaho,3,4,2015
639,Idaho,4,5,2015
640,Idaho,2,6,2015
641,Idaho,4,7,2015
642,Idaho,2,8,2015
643,Idaho,3,9,2015
644,Idaho,4,10,2015
645,Idaho,5,11,2015
646,Idaho,2,12,2015
647,Idaho,2,13,2015
648,Idaho,2,14,2015
649,Idaho,1,15,2015
650,Idaho,1,16,2015
651,Idaho,1,17,2015
652,Idaho,2,18,2015
653,Idaho,1,19,2015
654,Idaho,1,20,2015
655,Idaho,1,21,2015
656,Idaho,0,22,2015
657,Idaho,0,23,2015
658,Idaho,1,24,2015
659,Idaho,0,25,2015
660,Idaho,0,26,2015
661,Idaho,0,27,2015
662,Idaho,0,28,2015
663,Idaho,0,29,2015
664,Idaho,0,30,2015
665,Idaho,0,31,2015
666,Idaho,0,32,2015
667,Idaho,0,33,2015
668,Idaho,0,34,2015
669,Idaho,0,35,2015
670,Idaho,0,36,2015
671,Idaho,0,37,2015
672,Idaho,1,38,2015
673,Idaho,1,39,2015
674,Illinois,1,39,2015
675,Illinois,1,38,2015
676,Illinois,1,37,2015
677,Illinois,1,36,2015
678,Illinois,1,35,2015
679,Illinois,1,34,2015
680,Illinois,1,33,2015
681,Illinois,1,32,2015
682,Illinois,1,31,2015
683,Illinois,1,30,2015
684,Illinois,1,29,2015
685,Illinois,1,28,2015
686,Illinois,1,27,2015
687,Illinois,1,26,2015
688,Illinois,1,25,2015
689,Illinois,1,24,2015
690,Illinois,1,23,2015
691,Illinois,1,22,2015
692,Illinois,1,21,2015
693,Illinois,1,20,2015
694,Illinois,1,19,2015
695,Illinois,1,18,2015
696,Illinois,1,17,2015
697,Illinois,2,16,2015
698,Illinois,2,15,2015
699,Illinois,3,14,2015
700,Illinois,4,13,2015
701,Illinois,5,12,2015
702,Illinois,6,11,2015
703,Illinois,8,10,2015
704,Illinois,9,9,2015
705,Illinois,8,8,2015
706,Illinois,6,7,2015
707,Illinois,6,6,2015
708,Illinois,5,5,2015
709,Illinois,4,4,2015
710,Illinois,4,3,2015
711,Illinois,4,2,2015
712,Illinois,3,1,2015
713,Illinois,4,52,2015
714,Illinois,4,51,2015
715,Illinois,3,50,2015
716,Illinois,3,49,2015
717,Illinois,3,48,2015
718,Illinois,2,47,2015
719,Illinois,2,46,2015
720,Illinois,2,45,2015
721,Illinois,2,44,2015
722,Illinois,1,43,2015
723,Illinois,2,42,2015
724,Illinois,2,41,2015
725,Illinois,1,40,2015
726,Indiana,1,40,2015
727,Indiana,1,41,2015
728,Indiana,1,42,2015
729,Indiana,1,43,2015
730,Indiana,1,44,2015
731,Indiana,1,45,2015
732,Indiana,1,46,2015
733,Indiana,1,47,2015
734,Indiana,1,48,2015
735,Indiana,1,49,2015
736,Indiana,1,50,2015
737,Indiana,2,51,2015
738,Indiana,3,52,2015
739,Indiana,1,1,2015
740,Indiana,1,2,2015
741,Indiana,1,3,2015
742,Indiana,1,4,2015
743,Indiana,1,5,2015
744,Indiana,1,6,2015
745,Indiana,2,7,2015
746,Indiana,4,8,2015
747,Indiana,7,9,2015
748,Indiana,10,10,2015
749,Indiana,5,11,2015
750,Indiana,3,12,2015
751,Indiana,2,13,2015
752,Indiana,1,14,2015
753,Indiana,1,15,2015
754,Indiana,1,16,2015
755,Indiana,1,17,2015
756,Indiana,1,18,2015
757,Indiana,1,19,2015
758,Indiana,1,20,2015
759,Indiana,1,21,2015
760,Indiana,1,22,2015
761,Indiana,1,23,2015
762,Indiana,1,24,2015
763,Indiana,1,25,2015
764,Indiana,1,26,2015
765,Indiana,1,27,2015
766,Indiana,1,28,2015
767,Indiana,1,29,2015
768,Indiana,1,30,2015
769,Indiana,1,31,2015
770,Indiana,1,32,2015
771,Indiana,1,33,2015
772,Indiana,1,34,2015
773,Indiana,1,35,2015
774,Indiana,1,36,2015
775,Indiana,1,37,2015
776,Indiana,1,38,2015
777,Indiana,1,39,2015
778,Iowa,1,39,2015
779,Iowa,1,38,2015
780,Iowa,1,37,2015
781,Iowa,1,36,2015
782,Iowa,1,35,2015
783,Iowa,1,34,2015
784,Iowa,1,33,2015
785,Iowa,1,32,2015
786,Iowa,1,31,2015
787,Iowa,1,30,2015
788,Iowa,1,29,2015
789,Iowa,1,28,2015
790,Iowa,1,27,2015
791,Iowa,1,26,2015
792,Iowa,1,25,2015
793,Iowa,1,24,2015
794,Iowa,1,23,2015
795,Iowa,1,22,2015
796,Iowa,1,21,2015
797,Iowa,1,20,2015
798,Iowa,1,19,2015
799,Iowa,1,18,2015
800,Iowa,1,17,2015
801,Iowa,1,16,2015
802,Iowa,1,15,2015
803,Iowa,1,14,2015
804,Iowa,2,13,2015
805,Iowa,1,12,2015
806,Iowa,1,11,2015
807,Iowa,2,10,2015
808,Iowa,3,9,2015
809,Iowa,2,8,2015
810,Iowa,2,7,2015
811,Iowa,1,6,2015
812,Iowa,1,5,2015
813,Iowa,1,4,2015
814,Iowa,1,3,2015
815,Iowa,1,2,2015
816,Iowa,1,1,2015
817,Iowa,1,52,2015
818,Iowa,1,51,2015
819,Iowa,1,50,2015
820,Iowa,1,49,2015
821,Iowa,1,48,2015
822,Iowa,1,47,2015
823,Iowa,1,46,2015
824,Iowa,1,45,2015
825,Iowa,1,44,2015
826,Iowa,1,43,2015
827,Iowa,1,42,2015
828,Iowa,1,41,2015
829,Iowa,1,40,2015
830,Kansas,1,40,2015
831,Kansas,1,41,2015
832,Kansas,1,42,2015
833,Kansas,1,43,2015
834,Kansas,1,44,2015
835,Kansas,1,45,2015
836,Kansas,1,46,2015
837,Kansas,1,47,2015
838,Kansas,1,48,2015
839,Kansas,1,49,2015
840,Kansas,1,50,2015
841,Kansas,1,51,2015
842,Kansas,1,52,2015
843,Kansas,1,1,2015
844,Kansas,1,2,2015
845,Kansas,1,3,2015
846,Kansas,1,4,2015
847,Kansas,2,5,2015
848,Kansas,2,6,2015
849,Kansas,4,7,2015
850,Kansas,4,8,2015
851,Kansas,6,9,2015
852,Kansas,7,10,2015
853,Kansas,4,11,2015
854,Kansas,3,12,2015
855,Kansas,3,13,2015
856,Kansas,4,14,2015
857,Kansas,3,15,2015
858,Kansas,1,16,2015
859,Kansas,1,17,2015
860,Kansas,1,18,2015
861,Kansas,1,19,2015
862,Kansas,1,20,2015
863,Kansas,1,21,2015
864,Kansas,1,22,2015
865,Kansas,1,23,2015
866,Kansas,1,24,2015
867,Kansas,1,25,2015
868,Kansas,1,26,2015
869,Kansas,1,27,2015
870,Kansas,1,28,2015
871,Kansas,1,29,2015
872,Kansas,1,30,2015
873,Kansas,1,31,2015
874,Kansas,1,32,2015
875,Kansas,1,33,2015
876,Kansas,1,34,2015
877,Kansas,1,35,2015
878,Kansas,1,36,2015
879,Kansas,1,37,2015
880,Kansas,1,38,2015
881,Kansas,1,39,2015
882,Kentucky,4,39,2015
883,Kentucky,1,38,2015
884,Kentucky,1,37,2015
885,Kentucky,1,36,2015
886,Kentucky,1,35,2015
887,Kentucky,1,34,2015
888,Kentucky,1,33,2015
889,Kentucky,1,32,2015
890,Kentucky,1,31,2015
891,Kentucky,1,30,2015
892,Kentucky,1,29,2015
893,Kentucky,1,28,2015
894,Kentucky,1,27,2015
895,Kentucky,1,26,2015
896,Kentucky,1,25,2015
897,Kentucky,1,24,2015
898,Kentucky,1,23,2015
899,Kentucky,1,22,2015
900,Kentucky,1,21,2015
901,Kentucky,1,20,2015
902,Kentucky,1,19,2015
903,Kentucky,1,18,2015
904,Kentucky,1,17,2015
905,Kentucky,2,16,2015
906,Kentucky,3,15,2015
907,Kentucky,3,14,2015
908,Kentucky,4,13,2015
909,Kentucky,4,12,2015
910,Kentucky,6,11,2015
911,Kentucky,7,10,2015
912,Kentucky,5,9,2015
913,Kentucky,5,8,2015
914,Kentucky,3,7,2015
915,Kentucky,2,6,2015
916,Kentucky,1,5,2015
917,Kentucky,1,4,2015
918,Kentucky,1,3,2015
919,Kentucky,1,2,2015
920,Kentucky,1,1,2015
921,Kentucky,1,52,2015
922,Kentucky,1,51,2015
923,Kentucky,1,50,2015
924,Kentucky,1,49,2015
925,Kentucky,1,48,2015
926,Kentucky,1,47,2015
927,Kentucky,1,46,2015
928,Kentucky,1,45,2015
929,Kentucky,1,44,2015
930,Kentucky,1,43,2015
931,Kentucky,1,42,2015
932,Kentucky,1,41,2015
933,Kentucky,1,40,2015
934,Louisiana,1,40,2015
935,Louisiana,1,41,2015
936,Louisiana,2,42,2015
937,Louisiana,1,43,2015
938,Louisiana,1,44,2015
939,Louisiana,2,45,2015
940,Louisiana,2,46,2015
941,Louisiana,3,47,2015
942,Louisiana,2,48,2015
943,Louisiana,2,49,2015
944,Louisiana,2,50,2015
945,Louisiana,4,51,2015
946,Louisiana,3,52,2015
947,Louisiana,2,1,2015
948,Louisiana,3,2,2015
949,Louisiana,3,3,2015
950,Louisiana,3,4,2015
951,Louisiana,3,5,2015
952,Louisiana,4,6,2015
953,Louisiana,4,7,2015
954,Louisiana,5,8,2015
955,Louisiana,6,9,2015
956,Louisiana,6,10,2015
957,Louisiana,4,11,2015
958,Louisiana,4,12,2015
959,Louisiana,3,13,2015
960,Louisiana,2,14,2015
961,Louisiana,2,15,2015
962,Louisiana,2,16,2015
963,Louisiana,1,17,2015
964,Louisiana,1,18,2015
965,Louisiana,1,19,2015
966,Louisiana,1,20,2015
967,Louisiana,1,21,2015
968,Louisiana,1,22,2015
969,Louisiana,1,23,2015
970,Louisiana,1,24,2015
971,Louisiana,1,25,2015
972,Louisiana,1,26,2015
973,Louisiana,1,27,2015
974,Louisiana,1,28,2015
975,Louisiana,1,29,2015
976,Louisiana,1,30,2015
977,Louisiana,1,31,2015
978,Louisiana,1,32,2015
979,Louisiana,1,33,2015
980,Louisiana,1,34,2015
981,Louisiana,1,35,2015
982,Louisiana,1,36,2015
983,Louisiana,1,37,2015
984,Louisiana,1,38,2015
985,Louisiana,1,39,2015
986,Maine,1,39,2015
987,Maine,1,38,2015
988,Maine,1,37,2015
989,Maine,1,36,2015
990,Maine,1,35,2015
991,Maine,1,34,2015
992,Maine,1,33,2015
993,Maine,1,32,2015
994,Maine,1,31,2015
995,Maine,1,30,2015
996,Maine,1,29,2015
997,Maine,1,28,2015
998,Maine,1,27,2015
999,Maine,1,26,2015
1000,Maine,1,25,2015
1001,Maine,1,24,2015
1002,Maine,1,23,2015
1003,Maine,1,22,2015
1004,Maine,1,21,2015
1005,Maine,1,20,2015
1006,Maine,1,19,2015
1007,Maine,1,18,2015
1008,Maine,2,17,2015
1009,Maine,1,16,2015
1010,Maine,1,15,2015
1011,Maine,1,14,2015
1012,Maine,2,13,2015
1013,Maine,1,12,2015
1014,Maine,2,11,2015
1015,Maine,1,10,2015
1016,Maine,1,9,2015
1017,Maine,1,8,2015
1018,Maine,1,7,2015
1019,Maine,1,6,2015
1020,Maine,1,5,2015
1021,Maine,1,4,2015
1022,Maine,1,3,2015
1023,Maine,1,2,2015
1024,Maine,1,1,2015
1025,Maine,1,52,2015
1026,Maine,1,51,2015
1027,Maine,1,50,2015
1028,Maine,1,49,2015
1029,Maine,1,48,2015
1030,Maine,1,47,2015
1031,Maine,1,46,2015
1032,Maine,1,45,2015
1033,Maine,1,44,2015
1034,Maine,1,43,2015
1035,Maine,1,42,2015
1036,Maine,1,41,2015
1037,Maine,1,40,2015
1038,Maryland,1,40,2015
1039,Maryland,1,41,2015
1040,Maryland,1,42,2015
1041,Maryland,1,43,2015
1042,Maryland,1,44,2015
1043,Maryland,1,45,2015
1044,Maryland,1,46,2015
1045,Maryland,3,47,2015
1046,Maryland,2,48,2015
1047,Maryland,2,49,2015
1048,Maryland,2,50,2015
1049,Maryland,4,51,2015
1050,Maryland,5,52,2015
1051,Maryland,4,1,2015
1052,Maryland,6,2,2015
1053,Maryland,5,3,2015
1054,Maryland,3,4,2015
1055,Maryland,1,5,2015
1056,Maryland,4,6,2015
1057,Maryland,10,7,2015
1058,Maryland,6,8,2015
1059,Maryland,5,9,2015
1060,Maryland,5,10,2015
1061,Maryland,3,11,2015
1062,Maryland,2,12,2015
1063,Maryland,1,13,2015
1064,Maryland,1,14,2015
1065,Maryland,1,15,2015
1066,Maryland,1,16,2015
1067,Maryland,1,17,2015
1068,Maryland,1,18,2015
1069,Maryland,1,19,2015
1070,Maryland,1,20,2015
1071,Maryland,1,21,2015
1072,Maryland,2,22,2015
1073,Maryland,1,23,2015
1074,Maryland,1,24,2015
1075,Maryland,1,25,2015
1076,Maryland,1,26,2015
1077,Maryland,1,27,2015
1078,Maryland,1,28,2015
1079,Maryland,1,29,2015
1080,Maryland,1,30,2015
1081,Maryland,1,31,2015
1082,Maryland,1,32,2015
1083,Maryland,1,33,2015
1084,Maryland,1,34,2015
1085,Maryland,1,35,2015
1086,Maryland,2,36,2015
1087,Maryland,1,37,2015
1088,Maryland,1,38,2015
1089,Maryland,1,39,2015
1090,Massachusetts,1,39,2015
1091,Massachusetts,1,38,2015
1092,Massachusetts,1,37,2015
1093,Massachusetts,1,36,2015
1094,Massachusetts,1,35,2015
1095,Massachusetts,1,34,2015
1096,Massachusetts,1,33,2015
1097,Massachusetts,1,32,2015
1098,Massachusetts,1,31,2015
1099,Massachusetts,1,30,2015
1100,Massachusetts,1,29,2015
1101,Massachusetts,1,28,2015
1102,Massachusetts,1,27,2015
1103,Massachusetts,1,26,2015
1104,Massachusetts,1,25,2015
1105,Massachusetts,1,24,2015
1106,Massachusetts,1,23,2015
1107,Massachusetts,1,22,2015
1108,Massachusetts,1,21,2015
1109,Massachusetts,1,20,2015
1110,Massachusetts,1,19,2015
1111,Massachusetts,2,18,2015
1112,Massachusetts,2,17,2015
1113,Massachusetts,3,16,2015
1114,Massachusetts,3,15,2015
1115,Massachusetts,3,14,2015
1116,Massachusetts,4,13,2015
1117,Massachusetts,4,12,2015
1118,Massachusetts,5,11,2015
1119,Massachusetts,6,10,2015
1120,Massachusetts,4,9,2015
1121,Massachusetts,3,8,2015
1122,Massachusetts,3,7,2015
1123,Massachusetts,3,6,2015
1124,Massachusetts,3,5,2015
1125,Massachusetts,3,4,2015
1126,Massachusetts,2,3,2015
1127,Massachusetts,2,2,2015
1128,Massachusetts,2,1,2015
1129,Massachusetts,3,52,2015
1130,Massachusetts,3,51,2015
1131,Massachusetts,1,50,2015
1132,Massachusetts,1,49,2015
1133,Massachusetts,1,48,2015
1134,Massachusetts,1,47,2015
1135,Massachusetts,1,46,2015
1136,Massachusetts,1,45,2015
1137,Massachusetts,1,44,2015
1138,Massachusetts,1,43,2015
1139,Massachusetts,1,42,2015
1140,Massachusetts,1,41,2015
1141,Massachusetts,1,40,2015
1142,Michigan,1,40,2015
1143,Michigan,1,41,2015
1144,Michigan,1,42,2015
1145,Michigan,1,43,2015
1146,Michigan,1,44,2015
1147,Michigan,1,45,2015
1148,Michigan,1,46,2015
1149,Michigan,1,47,2015
1150,Michigan,1,48,2015
1151,Michigan,1,49,2015
1152,Michigan,1,50,2015
1153,Michigan,1,51,2015
1154,Michigan,1,52,2015
1155,Michigan,1,1,2015
1156,Michigan,1,2,2015
1157,Michigan,1,3,2015
1158,Michigan,1,4,2015
1159,Michigan,1,5,2015
1160,Michigan,1,6,2015
1161,Michigan,1,7,2015
1162,Michigan,2,8,2015
1163,Michigan,3,9,2015
1164,Michigan,3,10,2015
1165,Michigan,2,11,2015
1166,Michigan,2,12,2015
1167,Michigan,1,13,2015
1168,Michigan,1,14,2015
1169,Michigan,1,15,2015
1170,Michigan,1,16,2015
1171,Michigan,1,17,2015
1172,Michigan,1,18,2015
1173,Michigan,1,19,2015
1174,Michigan,1,20,2015
1175,Michigan,1,21,2015
1176,Michigan,1,22,2015
1177,Michigan,1,23,2015
1178,Michigan,1,24,2015
1179,Michigan,1,25,2015
1180,Michigan,1,26,2015
1181,Michigan,1,27,2015
1182,Michigan,1,28,2015
1183,Michigan,1,29,2015
1184,Michigan,1,30,2015
1185,Michigan,1,31,2015
1186,Michigan,1,32,2015
1187,Michigan,1,33,2015
1188,Michigan,1,34,2015
1189,Michigan,1,35,2015
1190,Michigan,1,36,2015
1191,Michigan,1,37,2015
1192,Michigan,1,38,2015
1193,Michigan,1,39,2015
1194,Minnesota,1,39,2015
1195,Minnesota,1,38,2015
1196,Minnesota,1,37,2015
1197,Minnesota,1,36,2015
1198,Minnesota,1,35,2015
1199,Minnesota,1,34,2015
1200,Minnesota,1,33,2015
1201,Minnesota,1,32,2015
1202,Minnesota,1,31,2015
1203,Minnesota,1,30,2015
1204,Minnesota,1,29,2015
1205,Minnesota,1,28,2015
1206,Minnesota,1,27,2015
1207,Minnesota,1,26,2015
1208,Minnesota,1,25,2015
1209,Minnesota,1,24,2015
1210,Minnesota,1,23,2015
1211,Minnesota,1,22,2015
1212,Minnesota,1,21,2015
1213,Minnesota,1,20,2015
1214,Minnesota,3,19,2015
1215,Minnesota,1,18,2015
1216,Minnesota,4,17,2015
1217,Minnesota,4,16,2015
1218,Minnesota,3,15,2015
1219,Minnesota,3,14,2015
1220,Minnesota,3,13,2015
1221,Minnesota,4,12,2015
1222,Minnesota,5,11,2015
1223,Minnesota,6,10,2015
1224,Minnesota,5,9,2015
1225,Minnesota,3,8,2015
1226,Minnesota,4,7,2015
1227,Minnesota,1,6,2015
1228,Minnesota,1,5,2015
1229,Minnesota,1,4,2015
1230,Minnesota,1,3,2015
1231,Minnesota,1,2,2015
1232,Minnesota,1,1,2015
1233,Minnesota,2,52,2015
1234,Minnesota,5,51,2015
1235,Minnesota,2,50,2015
1236,Minnesota,3,49,2015
1237,Minnesota,1,48,2015
1238,Minnesota,2,47,2015
1239,Minnesota,1,46,2015
1240,Minnesota,1,45,2015
1241,Minnesota,1,44,2015
1242,Minnesota,1,43,2015
1243,Minnesota,1,42,2015
1244,Minnesota,1,41,2015
1245,Minnesota,1,40,2015
1246,Mississippi,1,40,2015
1247,Mississippi,1,41,2015
1248,Mississippi,1,42,2015
1249,Mississippi,1,43,2015
1250,Mississippi,1,44,2015
1251,Mississippi,2,45,2015
1252,Mississippi,3,46,2015
1253,Mississippi,4,47,2015
1254,Mississippi,4,48,2015
1255,Mississippi,3,49,2015
1256,Mississippi,3,50,2015
1257,Mississippi,4,51,2015
1258,Mississippi,3,52,2015
1259,Mississippi,2,1,2015
1260,Mississippi,1,2,2015
1261,Mississippi,2,3,2015
1262,Mississippi,3,4,2015
1263,Mississippi,2,5,2015
1264,Mississippi,3,6,2015
1265,Mississippi,4,7,2015
1266,Mississippi,7,8,2015
1267,Mississippi,8,9,2015
1268,Mississippi,10,10,2015
1269,Mississippi,6,11,2015
1270,Mississippi,5,12,2015
1271,Mississippi,4,13,2015
1272,Mississippi,3,14,2015
1273,Mississippi,4,15,2015
1274,Mississippi,1,16,2015
1275,Mississippi,1,17,2015
1276,Mississippi,1,18,2015
1277,Mississippi,1,19,2015
1278,Mississippi,1,20,2015
1279,Mississippi,1,21,2015
1280,Mississippi,1,22,2015
1281,Mississippi,1,23,2015
1282,Mississippi,1,24,2015
1283,Mississippi,1,25,2015
1284,Mississippi,1,26,2015
1285,Mississippi,1,27,2015
1286,Mississippi,1,28,2015
1287,Mississippi,1,29,2015
1288,Mississippi,1,30,2015
1289,Mississippi,1,31,2015
1290,Mississippi,1,32,2015
1291,Mississippi,1,33,2015
1292,Mississippi,1,34,2015
1293,Mississippi,1,35,2015
1294,Mississippi,1,36,2015
1295,Mississippi,1,37,2015
1296,Mississippi,1,38,2015
1297,Mississippi,1,39,2015
1298,Missouri,1,39,2015
1299,Missouri,1,38,2015
1300,Missouri,1,37,2015
1301,Missouri,1,36,2015
1302,Missouri,1,35,2015
1303,Missouri,1,34,2015
1304,Missouri,1,33,2015
1305,Missouri,1,32,2015
1306,Missouri,1,31,2015
1307,Missouri,1,30,2015
1308,Missouri,1,29,2015
1309,Missouri,1,28,2015
1310,Missouri,1,27,2015
1311,Missouri,1,26,2015
1312,Missouri,1,25,2015
1313,Missouri,1,24,2015
1314,Missouri,1,23,2015
1315,Missouri,1,22,2015
1316,Missouri,1,21,2015
1317,Missouri,1,20,2015
1318,Missouri,1,19,2015
1319,Missouri,1,18,2015
1320,Missouri,1,17,2015
1321,Missouri,2,16,2015
1322,Missouri,2,15,2015
1323,Missouri,2,14,2015
1324,Missouri,5,13,2015
1325,Missouri,5,12,2015
1326,Missouri,4,11,2015
1327,Missouri,5,10,2015
1328,Missouri,5,9,2015
1329,Missouri,3,8,2015
1330,Missouri,3,7,2015
1331,Missouri,3,6,2015
1332,Missouri,1,5,2015
1333,Missouri,1,4,2015
1334,Missouri,2,3,2015
1335,Missouri,1,2,2015
1336,Missouri,2,1,2015
1337,Missouri,2,52,2015
1338,Missouri,2,51,2015
1339,Missouri,2,50,2015
1340,Missouri,1,49,2015
1341,Missouri,1,48,2015
1342,Missouri,2,47,2015
1343,Missouri,1,46,2015
1344,Missouri,2,45,2015
1345,Missouri,2,44,2015
1346,Missouri,1,43,2015
1347,Missouri,2,42,2015
1348,Missouri,1,41,2015
1349,Missouri,1,40,2015
1350,Montana,1,40,2015
1351,Montana,1,41,2015
1352,Montana,1,42,2015
1353,Montana,1,43,2015
1354,Montana,1,44,2015
1355,Montana,1,45,2015
1356,Montana,1,46,2015
1357,Montana,1,47,2015
1358,Montana,1,48,2015
1359,Montana,1,49,2015
1360,Montana,1,50,2015
1361,Montana,1,51,2015
1362,Montana,1,52,2015
1363,Montana,1,1,2015
1364,Montana,1,2,2015
1365,Montana,1,3,2015
1366,Montana,1,4,2015
1367,Montana,1,5,2015
1368,Montana,1,6,2015
1369,Montana,1,7,2015
1370,Montana,1,8,2015
1371,Montana,1,9,2015
1372,Montana,1,10,2015
1373,Montana,3,11,2015
1374,Montana,1,12,2015
1375,Montana,1,13,2015
1376,Montana,1,14,2015
1377,Montana,1,15,2015
1378,Montana,1,16,2015
1379,Montana,1,17,2015
1380,Montana,1,18,2015
1381,Montana,1,19,2015
1382,Montana,1,20,2015
1383,Montana,1,21,2015
1384,Montana,1,22,2015
1385,Montana,1,23,2015
1386,Montana,1,24,2015
1387,Montana,1,25,2015
1388,Montana,1,26,2015
1389,Montana,1,27,2015
1390,Montana,1,28,2015
1391,Montana,1,29,2015
1392,Montana,1,30,2015
1393,Montana,1,31,2015
1394,Montana,1,32,2015
1395,Montana,1,33,2015
1396,Montana,1,34,2015
1397,Montana,0,35,2015
1398,Montana,1,36,2015
1399,Montana,1,37,2015
1400,Montana,1,38,2015
1401,Montana,1,39,2015
1402,Nebraska,1,39,2015
1403,Nebraska,1,38,2015
1404,Nebraska,1,37,2015
1405,Nebraska,1,36,2015
1406,Nebraska,1,35,2015
1407,Nebraska,1,34,2015
1408,Nebraska,1,33,2015
1409,Nebraska,1,32,2015
1410,Nebraska,1,31,2015
1411,Nebraska,1,30,2015
1412,Nebraska,1,29,2015
1413,Nebraska,1,28,2015
1414,Nebraska,1,27,2015
1415,Nebraska,1,26,2015
1416,Nebraska,1,25,2015
1417,Nebraska,1,24,2015
1418,Nebraska,1,23,2015
1419,Nebraska,1,22,2015
1420,Nebraska,1,21,2015
1421,Nebraska,1,20,2015
1422,Nebraska,1,19,2015
1423,Nebraska,1,18,2015
1424,Nebraska,1,17,2015
1425,Nebraska,1,16,2015
1426,Nebraska,1,15,2015
1427,Nebraska,1,14,2015
1428,Nebraska,1,13,2015
1429,Nebraska,1,12,2015
1430,Nebraska,1,11,2015
1431,Nebraska,1,10,2015
1432,Nebraska,1,9,2015
1433,Nebraska,1,8,2015
1434,Nebraska,1,7,2015
1435,Nebraska,1,6,2015
1436,Nebraska,1,5,2015
1437,Nebraska,1,4,2015
1438,Nebraska,1,3,2015
1439,Nebraska,1,2,2015
1440,Nebraska,1,1,2015
1441,Nebraska,1,52,2015
1442,Nebraska,1,51,2015
1443,Nebraska,1,50,2015
1444,Nebraska,1,49,2015
1445,Nebraska,1,48,2015
1446,Nebraska,1,47,2015
1447,Nebraska,1,46,2015
1448,Nebraska,1,45,2015
1449,Nebraska,1,44,2015
1450,Nebraska,1,43,2015
1451,Nebraska,1,42,2015
1452,Nebraska,1,41,2015
1453,Nebraska,1,40,2015
1454,Nevada,1,40,2015
1455,Nevada,1,41,2015
1456,Nevada,1,42,2015
1457,Nevada,1,43,2015
1458,Nevada,1,44,2015
1459,Nevada,1,45,2015
1460,Nevada,1,46,2015
1461,Nevada,1,47,2015
1462,Nevada,1,48,2015
1463,Nevada,2,49,2015
1464,Nevada,2,50,2015
1465,Nevada,2,51,2015
1466,Nevada,3,52,2015
1467,Nevada,3,1,2015
1468,Nevada,2,2,2015
1469,Nevada,3,3,2015
1470,Nevada,2,4,2015
1471,Nevada,3,5,2015
1472,Nevada,5,6,2015
1473,Nevada,6,7,2015
1474,Nevada,6,8,2015
1475,Nevada,7,9,2015
1476,Nevada,6,10,2015
1477,Nevada,7,11,2015
1478,Nevada,2,12,2015
1479,Nevada,2,13,2015
1480,Nevada,3,14,2015
1481,Nevada,2,15,2015
1482,Nevada,1,16,2015
1483,Nevada,1,17,2015
1484,Nevada,1,18,2015
1485,Nevada,1,19,2015
1486,Nevada,1,20,2015
1487,Nevada,1,21,2015
1488,Nevada,1,22,2015
1489,Nevada,1,23,2015
1490,Nevada,1,24,2015
1491,Nevada,1,25,2015
1492,Nevada,1,26,2015
1493,Nevada,1,27,2015
1494,Nevada,1,28,2015
1495,Nevada,1,29,2015
1496,Nevada,1,30,2015
1497,Nevada,1,31,2015
1498,Nevada,1,32,2015
1499,Nevada,1,33,2015
1500,Nevada,1,34,2015
1501,Nevada,1,35,2015
1502,Nevada,1,36,2015
1503,Nevada,1,37,2015
1504,Nevada,1,38,2015
1505,Nevada,1,39,2015
1506,New Hampshire,1,39,2015
1507,New Hampshire,1,38,2015
1508,New Hampshire,1,37,2015
1509,New Hampshire,1,36,2015
1510,New Hampshire,1,35,2015
1511,New Hampshire,1,34,2015
1512,New Hampshire,1,33,2015
1513,New Hampshire,1,32,2015
1514,New Hampshire,1,31,2015
1515,New Hampshire,1,30,2015
1516,New Hampshire,1,29,2015
1517,New Hampshire,1,28,2015
1518,New Hampshire,1,27,2015
1519,New Hampshire,1,26,2015
1520,New Hampshire,1,25,2015
1521,New Hampshire,1,24,2015
1522,New Hampshire,1,23,2015
1523,New Hampshire,1,22,2015
1524,New Hampshire,1,21,2015
1525,New Hampshire,1,20,2015
1526,New Hampshire,1,19,2015
1527,New Hampshire,1,18,2015
1528,New Hampshire,1,17,2015
1529,New Hampshire,1,16,2015
1530,New Hampshire,1,15,2015
1531,New Hampshire,1,14,2015
1532,New Hampshire,2,13,2015
1533,New Hampshire,2,12,2015
1534,New Hampshire,2,11,2015
1535,New Hampshire,2,10,2015
1536,New Hampshire,1,9,2015
1537,New Hampshire,1,8,2015
1538,New Hampshire,1,7,2015
1539,New Hampshire,1,6,2015
1540,New Hampshire,1,5,2015
1541,New Hampshire,1,4,2015
1542,New Hampshire,1,3,2015
1543,New Hampshire,1,2,2015
1544,New Hampshire,1,1,2015
1545,New Hampshire,1,52,2015
1546,New Hampshire,1,51,2015
1547,New Hampshire,1,50,2015
1548,New Hampshire,1,49,2015
1549,New Hampshire,1,48,2015
1550,New Hampshire,1,47,2015
1551,New Hampshire,1,46,2015
1552,New Hampshire,1,45,2015
1553,New Hampshire,1,44,2015
1554,New Hampshire,1,43,2015
1555,New Hampshire,1,42,2015
1556,New Hampshire,1,41,2015
1557,New Hampshire,1,40,2015
1558,New Jersey,1,40,2015
1559,New Jersey,1,41,2015
1560,New Jersey,1,42,2015
1561,New Jersey,1,43,2015
1562,New Jersey,1,44,2015
1563,New Jersey,1,45,2015
1564,New Jersey,1,46,2015
1565,New Jersey,1,47,2015
1566,New Jersey,1,48,2015
1567,New Jersey,1,49,2015
1568,New Jersey,1,50,2015
1569,New Jersey,1,51,2015
1570,New Jersey,1,52,2015
1571,New Jersey,1,1,2015
1572,New Jersey,1,2,2015
1573,New Jersey,1,3,2015
1574,New Jersey,2,4,2015
1575,New Jersey,1,5,2015
1576,New Jersey,4,6,2015
1577,New Jersey,5,7,2015
1578,New Jersey,4,8,2015
1579,New Jersey,7,9,2015
1580,New Jersey,10,10,2015
1581,New Jersey,10,11,2015
1582,New Jersey,8,12,2015
1583,New Jersey,5,13,2015
1584,New Jersey,3,14,2015
1585,New Jersey,5,15,2015
1586,New Jersey,5,16,2015
1587,New Jersey,2,17,2015
1588,New Jersey,1,18,2015
1589,New Jersey,1,19,2015
1590,New Jersey,1,20,2015
1591,New Jersey,1,21,2015
1592,New Jersey,1,22,2015
1593,New Jersey,1,23,2015
1594,New Jersey,1,24,2015
1595,New Jersey,1,25,2015
1596,New Jersey,1,26,2015
1597,New Jersey,1,27,2015
1598,New Jersey,1,28,2015
1599,New Jersey,1,29,2015
1600,New Jersey,1,30,2015
1601,New Jersey,1,31,2015
1602,New Jersey,1,32,2015
1603,New Jersey,1,33,2015
1604,New Jersey,1,34,2015
1605,New Jersey,1,35,2015
1606,New Jersey,1,36,2015
1607,New Jersey,1,37,2015
1608,New Jersey,1,38,2015
1609,New Jersey,1,39,2015
1610,New Mexico,1,39,2015
1611,New Mexico,1,38,2015
1612,New Mexico,1,37,2015
1613,New Mexico,1,36,2015
1614,New Mexico,1,35,2015
1615,New Mexico,1,34,2015
1616,New Mexico,1,33,2015
1617,New Mexico,1,32,2015
1618,New Mexico,1,31,2015
1619,New Mexico,1,30,2015
1620,New Mexico,1,29,2015
1621,New Mexico,1,28,2015
1622,New Mexico,1,27,2015
1623,New Mexico,1,26,2015
1624,New Mexico,1,25,2015
1625,New Mexico,1,24,2015
1626,New Mexico,1,23,2015
1627,New Mexico,1,22,2015
1628,New Mexico,1,21,2015
1629,New Mexico,1,20,2015
1630,New Mexico,1,19,2015
1631,New Mexico,1,18,2015
1632,New Mexico,1,17,2015
1633,New Mexico,1,16,2015
1634,New Mexico,1,15,2015
1635,New Mexico,3,14,2015
1636,New Mexico,7,13,2015
1637,New Mexico,8,12,2015
1638,New Mexico,10,11,2015
1639,New Mexico,9,10,2015
1640,New Mexico,10,9,2015
1641,New Mexico,9,8,2015
1642,New Mexico,8,7,2015
1643,New Mexico,7,6,2015
1644,New Mexico,4,5,2015
1645,New Mexico,3,4,2015
1646,New Mexico,3,3,2015
1647,New Mexico,2,2,2015
1648,New Mexico,1,1,2015
1649,New Mexico,2,52,2015
1650,New Mexico,2,51,2015
1651,New Mexico,2,50,2015
1652,New Mexico,1,49,2015
1653,New Mexico,1,48,2015
1654,New Mexico,3,47,2015
1655,New Mexico,1,46,2015
1656,New Mexico,1,45,2015
1657,New Mexico,1,44,2015
1658,New Mexico,1,43,2015
1659,New Mexico,1,42,2015
1660,New Mexico,1,41,2015
1661,New Mexico,1,40,2015
1662,New York,1,40,2015
1663,New York,1,41,2015
1664,New York,1,42,2015
1665,New York,1,43,2015
1666,New York,1,44,2015
1667,New York,1,45,2015
1668,New York,1,46,2015
1669,New York,1,47,2015
1670,New York,1,48,2015
1671,New York,1,49,2015
1672,New York,1,50,2015
1673,New York,1,51,2015
1674,New York,1,52,2015
1675,New York,1,1,2015
1676,New York,1,2,2015
1677,New York,1,3,2015
1678,New York,1,4,2015
1679,New York,1,5,2015
1680,New York,4,6,2015
1681,New York,1,7,2015
1682,New York,4,8,2015
1683,New York,5,9,2015
1684,New York,5,10,2015
1685,New York,6,11,2015
1686,New York,4,12,2015
1687,New York,2,13,2015
1688,New York,1,14,2015
1689,New York,2,15,2015
1690,New York,1,16,2015
1691,New York,1,17,2015
1692,New York,1,18,2015
1693,New York,1,19,2015
1694,New York,1,20,2015
1695,New York,1,21,2015
1696,New York,1,22,2015
1697,New York,1,23,2015
1698,New York,1,24,2015
1699,New York,1,25,2015
1700,New York,1,26,2015
1701,New York,1,27,2015
1702,New York,1,28,2015
1703,New York,1,29,2015
1704,New York,1,30,2015
1705,New York,1,31,2015
1706,New York,1,32,2015
1707,New York,1,33,2015
1708,New York,1,34,2015
1709,New York,1,35,2015
1710,New York,1,36,2015
1711,New York,1,37,2015
1712,New York,1,38,2015
1713,New York,1,39,2015
1714,North Carolina,2,39,2015
1715,North Carolina,1,38,2015
1716,North Carolina,1,37,2015
1717,North Carolina,1,36,2015
1718,North Carolina,1,35,2015
1719,North Carolina,1,34,2015
1720,North Carolina,1,33,2015
1721,North Carolina,1,32,2015
1722,North Carolina,1,31,2015
1723,North Carolina,1,30,2015
1724,North Carolina,1,29,2015
1725,North Carolina,1,28,2015
1726,North Carolina,1,27,2015
1727,North Carolina,1,26,2015
1728,North Carolina,1,25,2015
1729,North Carolina,1,24,2015
1730,North Carolina,1,23,2015
1731,North Carolina,1,22,2015
1732,North Carolina,1,21,2015
1733,North Carolina,1,20,2015
1734,North Carolina,1,19,2015
1735,North Carolina,2,18,2015
1736,North Carolina,2,17,2015
1737,North Carolina,4,16,2015
1738,North Carolina,3,15,2015
1739,North Carolina,4,14,2015
1740,North Carolina,5,13,2015
1741,North Carolina,7,12,2015
1742,North Carolina,8,11,2015
1743,North Carolina,8,10,2015
1744,North Carolina,8,9,2015
1745,North Carolina,9,8,2015
1746,North Carolina,6,7,2015
1747,North Carolina,3,6,2015
1748,North Carolina,1,5,2015
1749,North Carolina,1,4,2015
1750,North Carolina,1,3,2015
1751,North Carolina,1,2,2015
1752,North Carolina,1,1,2015
1753,North Carolina,2,52,2015
1754,North Carolina,3,51,2015
1755,North Carolina,1,50,2015
1756,North Carolina,1,49,2015
1757,North Carolina,1,48,2015
1758,North Carolina,1,47,2015
1759,North Carolina,1,46,2015
1760,North Carolina,1,45,2015
1761,North Carolina,1,44,2015
1762,North Carolina,1,43,2015
1763,North Carolina,1,42,2015
1764,North Carolina,1,41,2015
1765,North Carolina,1,40,2015
1766,North Dakota,1,40,2015
1767,North Dakota,1,41,2015
1768,North Dakota,1,42,2015
1769,North Dakota,1,43,2015
1770,North Dakota,1,44,2015
1771,North Dakota,1,45,2015
1772,North Dakota,1,46,2015
1773,North Dakota,1,47,2015
1774,North Dakota,1,48,2015
1775,North Dakota,1,49,2015
1776,North Dakota,1,50,2015
1777,North Dakota,1,51,2015
1778,North Dakota,1,52,2015
1779,North Dakota,1,1,2015
1780,North Dakota,1,2,2015
1781,North Dakota,1,3,2015
1782,North Dakota,1,4,2015
1783,North Dakota,1,5,2015
1784,North Dakota,1,6,2015
1785,North Dakota,1,7,2015
1786,North Dakota,1,8,2015
1787,North Dakota,1,9,2015
1788,North Dakota,1,10,2015
1789,North Dakota,3,11,2015
1790,North Dakota,1,12,2015
1791,North Dakota,2,13,2015
1792,North Dakota,3,14,2015
1793,North Dakota,1,15,2015
1794,North Dakota,1,16,2015
1795,North Dakota,1,17,2015
1796,North Dakota,1,18,2015
1797,North Dakota,1,19,2015
1798,North Dakota,1,20,2015
1799,North Dakota,1,21,2015
1800,North Dakota,1,22,2015
1801,North Dakota,1,23,2015
1802,North Dakota,1,24,2015
1803,North Dakota,1,25,2015
1804,North Dakota,1,26,2015
1805,North Dakota,1,27,2015
1806,North Dakota,1,28,2015
1807,North Dakota,1,29,2015
1808,North Dakota,1,30,2015
1809,North Dakota,1,31,2015
1810,North Dakota,1,32,2015
1811,North Dakota,0,33,2015
1812,North Dakota,1,34,2015
1813,North Dakota,1,35,2015
1814,North Dakota,0,36,2015
1815,North Dakota,0,37,2015
1816,North Dakota,0,38,2015
1817,North Dakota,0,39,2015
1818,Ohio,1,39,2015
1819,Ohio,1,38,2015
1820,Ohio,1,37,2015
1821,Ohio,1,36,2015
1822,Ohio,1,35,2015
1823,Ohio,1,34,2015
1824,Ohio,1,33,2015
1825,Ohio,1,32,2015
1826,Ohio,1,31,2015
1827,Ohio,1,30,2015
1828,Ohio,1,29,2015
1829,Ohio,1,28,2015
1830,Ohio,1,27,2015
1831,Ohio,1,26,2015
1832,Ohio,1,25,2015
1833,Ohio,1,24,2015
1834,Ohio,1,23,2015
1835,Ohio,1,22,2015
1836,Ohio,1,21,2015
1837,Ohio,1,20,2015
1838,Ohio,1,19,2015
1839,Ohio,1,18,2015
1840,Ohio,1,17,2015
1841,Ohio,1,16,2015
1842,Ohio,1,15,2015
1843,Ohio,1,14,2015
1844,Ohio,1,13,2015
1845,Ohio,2,12,2015
1846,Ohio,2,11,2015
1847,Ohio,5,10,2015
1848,Ohio,2,9,2015
1849,Ohio,2,8,2015
1850,Ohio,1,7,2015
1851,Ohio,1,6,2015
1852,Ohio,1,5,2015
1853,Ohio,1,4,2015
1854,Ohio,1,3,2015
1855,Ohio,1,2,2015
1856,Ohio,1,1,2015
1857,Ohio,1,52,2015
1858,Ohio,1,51,2015
1859,Ohio,1,50,2015
1860,Ohio,1,49,2015
1861,Ohio,1,48,2015
1862,Ohio,1,47,2015
1863,Ohio,1,46,2015
1864,Ohio,1,45,2015
1865,Ohio,1,44,2015
1866,Ohio,1,43,2015
1867,Ohio,1,42,2015
1868,Ohio,1,41,2015
1869,Ohio,1,40,2015
1870,Oklahoma,1,40,2015
1871,Oklahoma,1,41,2015
1872,Oklahoma,1,42,2015
1873,Oklahoma,1,43,2015
1874,Oklahoma,1,44,2015
1875,Oklahoma,4,45,2015
1876,Oklahoma,2,46,2015
1877,Oklahoma,6,47,2015
1878,Oklahoma,3,48,2015
1879,Oklahoma,3,49,2015
1880,Oklahoma,1,50,2015
1881,Oklahoma,4,51,2015
1882,Oklahoma,5,52,2015
1883,Oklahoma,2,1,2015
1884,Oklahoma,3,2,2015
1885,Oklahoma,5,3,2015
1886,Oklahoma,5,4,2015
1887,Oklahoma,5,5,2015
1888,Oklahoma,8,6,2015
1889,Oklahoma,5,7,2015
1890,Oklahoma,6,8,2015
1891,Oklahoma,4,9,2015
1892,Oklahoma,7,10,2015
1893,Oklahoma,4,11,2015
1894,Oklahoma,5,12,2015
1895,Oklahoma,1,13,2015
1896,Oklahoma,1,14,2015
1897,Oklahoma,3,15,2015
1898,Oklahoma,1,16,2015
1899,Oklahoma,1,17,2015
1900,Oklahoma,1,18,2015
1901,Oklahoma,1,19,2015
1902,Oklahoma,1,20,2015
1903,Oklahoma,1,21,2015
1904,Oklahoma,1,22,2015
1905,Oklahoma,1,23,2015
1906,Oklahoma,1,24,2015
1907,Oklahoma,1,25,2015
1908,Oklahoma,1,26,2015
1909,Oklahoma,1,27,2015
1910,Oklahoma,1,28,2015
1911,Oklahoma,1,29,2015
1912,Oklahoma,1,30,2015
1913,Oklahoma,1,31,2015
1914,Oklahoma,1,32,2015
1915,Oklahoma,1,33,2015
1916,Oklahoma,1,34,2015
1917,Oklahoma,1,35,2015
1918,Oklahoma,1,36,2015
1919,Oklahoma,1,37,2015
1920,Oklahoma,1,38,2015
1921,Oklahoma,1,39,2015
1922,Oregon,1,39,2015
1923,Oregon,1,38,2015
1924,Oregon,1,37,2015
1925,Oregon,1,36,2015
1926,Oregon,0,35,2015
1927,Oregon,1,34,2015
1928,Oregon,1,33,2015
1929,Oregon,1,32,2015
1930,Oregon,1,31,2015
1931,Oregon,0,30,2015
1932,Oregon,1,29,2015
1933,Oregon,1,28,2015
1934,Oregon,1,27,2015
1935,Oregon,1,26,2015
1936,Oregon,1,25,2015
1937,Oregon,1,24,2015
1938,Oregon,1,23,2015
1939,Oregon,1,22,2015
1940,Oregon,1,21,2015
1941,Oregon,1,20,2015
1942,Oregon,1,19,2015
1943,Oregon,1,18,2015
1944,Oregon,1,17,2015
1945,Oregon,1,16,2015
1946,Oregon,1,15,2015
1947,Oregon,3,14,2015
1948,Oregon,4,13,2015
1949,Oregon,1,12,2015
1950,Oregon,6,11,2015
1951,Oregon,7,10,2015
1952,Oregon,4,9,2015
1953,Oregon,4,8,2015
1954,Oregon,5,7,2015
1955,Oregon,2,6,2015
1956,Oregon,3,5,2015
1957,Oregon,3,4,2015
1958,Oregon,2,3,2015
1959,Oregon,1,2,2015
1960,Oregon,1,1,2015
1961,Oregon,1,52,2015
1962,Oregon,1,51,2015
1963,Oregon,1,50,2015
1964,Oregon,1,49,2015
1965,Oregon,1,48,2015
1966,Oregon,2,47,2015
1967,Oregon,1,46,2015
1968,Oregon,2,45,2015
1969,Oregon,1,44,2015
1970,Oregon,1,43,2015
1971,Oregon,1,42,2015
1972,Oregon,1,41,2015
1973,Oregon,1,40,2015
1974,Pennsylvania,1,40,2015
1975,Pennsylvania,1,41,2015
1976,Pennsylvania,1,42,2015
1977,Pennsylvania,1,43,2015
1978,Pennsylvania,1,44,2015
1979,Pennsylvania,1,45,2015
1980,Pennsylvania,1,46,2015
1981,Pennsylvania,1,47,2015
1982,Pennsylvania,1,48,2015
1983,Pennsylvania,2,49,2015
1984,Pennsylvania,2,50,2015
1985,Pennsylvania,3,51,2015
1986,Pennsylvania,4,52,2015
1987,Pennsylvania,3,1,2015
1988,Pennsylvania,2,2,2015
1989,Pennsylvania,2,3,2015
1990,Pennsylvania,3,4,2015
1991,Pennsylvania,3,5,2015
1992,Pennsylvania,3,6,2015
1993,Pennsylvania,3,7,2015
1994,Pennsylvania,5,8,2015
1995,Pennsylvania,6,9,2015
1996,Pennsylvania,9,10,2015
1997,Pennsylvania,6,11,2015
1998,Pennsylvania,7,12,2015
1999,Pennsylvania,5,13,2015
2000,Pennsylvania,3,14,2015
2001,Pennsylvania,3,15,2015
2002,Pennsylvania,3,16,2015
2003,Pennsylvania,3,17,2015
2004,Pennsylvania,2,18,2015
2005,Pennsylvania,1,19,2015
2006,Pennsylvania,1,20,2015
2007,Pennsylvania,1,21,2015
2008,Pennsylvania,1,22,2015
2009,Pennsylvania,1,23,2015
2010,Pennsylvania,1,24,2015
2011,Pennsylvania,1,25,2015
2012,Pennsylvania,1,26,2015
2013,Pennsylvania,1,27,2015
2014,Pennsylvania,1,28,2015
2015,Pennsylvania,1,29,2015
2016,Pennsylvania,1,30,2015
2017,Pennsylvania,1,31,2015
2018,Pennsylvania,1,32,2015
2019,Pennsylvania,1,33,2015
2020,Pennsylvania,1,34,2015
2021,Pennsylvania,1,35,2015
2022,Pennsylvania,1,36,2015
2023,Pennsylvania,1,37,2015
2024,Pennsylvania,1,38,2015
2025,Pennsylvania,1,39,2015
2026,Rhode Island,1,39,2015
2027,Rhode Island,1,38,2015
2028,Rhode Island,2,37,2015
2029,Rhode Island,3,36,2015
2030,Rhode Island,1,35,2015
2031,Rhode Island,1,34,2015
2032,Rhode Island,1,33,2015
2033,Rhode Island,1,32,2015
2034,Rhode Island,1,31,2015
2035,Rhode Island,1,30,2015
2036,Rhode Island,1,29,2015
2037,Rhode Island,1,28,2015
2038,Rhode Island,1,27,2015
2039,Rhode Island,1,26,2015
2040,Rhode Island,1,25,2015
2041,Rhode Island,1,24,2015
2042,Rhode Island,1,23,2015
2043,Rhode Island,1,22,2015
2044,Rhode Island,1,21,2015
2045,Rhode Island,1,20,2015
2046,Rhode Island,1,19,2015
2047,Rhode Island,1,18,2015
2048,Rhode Island,2,17,2015
2049,Rhode Island,1,16,2015
2050,Rhode Island,1,15,2015
2051,Rhode Island,2,14,2015
2052,Rhode Island,3,13,2015
2053,Rhode Island,3,12,2015
2054,Rhode Island,4,11,2015
2055,Rhode Island,5,10,2015
2056,Rhode Island,3,9,2015
2057,Rhode Island,3,8,2015
2058,Rhode Island,3,7,2015
2059,Rhode Island,2,6,2015
2060,Rhode Island,2,5,2015
2061,Rhode Island,1,4,2015
2062,Rhode Island,1,3,2015
2063,Rhode Island,1,2,2015
2064,Rhode Island,1,1,2015
2065,Rhode Island,1,52,2015
2066,Rhode Island,1,51,2015
2067,Rhode Island,1,50,2015
2068,Rhode Island,1,49,2015
2069,Rhode Island,1,48,2015
2070,Rhode Island,1,47,2015
2071,Rhode Island,1,46,2015
2072,Rhode Island,1,45,2015
2073,Rhode Island,1,44,2015
2074,Rhode Island,1,43,2015
2075,Rhode Island,1,42,2015
2076,Rhode Island,1,41,2015
2077,Rhode Island,1,40,2015
2078,South Carolina,1,40,2015
2079,South Carolina,1,41,2015
2080,South Carolina,2,42,2015
2081,South Carolina,4,43,2015
2082,South Carolina,3,44,2015
2083,South Carolina,6,45,2015
2084,South Carolina,6,46,2015
2085,South Carolina,6,47,2015
2086,South Carolina,6,48,2015
2087,South Carolina,2,49,2015
2088,South Carolina,2,50,2015
2089,South Carolina,2,51,2015
2090,South Carolina,3,52,2015
2091,South Carolina,2,1,2015
2092,South Carolina,2,2,2015
2093,South Carolina,2,3,2015
2094,South Carolina,1,4,2015
2095,South Carolina,4,5,2015
2096,South Carolina,5,6,2015
2097,South Carolina,5,7,2015
2098,South Carolina,6,8,2015
2099,South Carolina,6,9,2015
2100,South Carolina,5,10,2015
2101,South Carolina,5,11,2015
2102,South Carolina,5,12,2015
2103,South Carolina,3,13,2015
2104,South Carolina,2,14,2015
2105,South Carolina,3,15,2015
2106,South Carolina,2,16,2015
2107,South Carolina,3,17,2015
2108,South Carolina,1,18,2015
2109,South Carolina,1,19,2015
2110,South Carolina,1,20,2015
2111,South Carolina,1,21,2015
2112,South Carolina,1,22,2015
2113,South Carolina,1,23,2015
2114,South Carolina,1,24,2015
2115,South Carolina,1,25,2015
2116,South Carolina,1,26,2015
2117,South Carolina,1,27,2015
2118,South Carolina,1,28,2015
2119,South Carolina,1,29,2015
2120,South Carolina,1,30,2015
2121,South Carolina,1,31,2015
2122,South Carolina,1,32,2015
2123,South Carolina,1,33,2015
2124,South Carolina,1,34,2015
2125,South Carolina,1,35,2015
2126,South Carolina,1,36,2015
2127,South Carolina,1,37,2015
2128,South Carolina,1,38,2015
2129,South Carolina,1,39,2015
2130,South Dakota,1,39,2015
2131,South Dakota,1,38,2015
2132,South Dakota,1,37,2015
2133,South Dakota,1,36,2015
2134,South Dakota,1,35,2015
2135,South Dakota,1,34,2015
2136,South Dakota,1,33,2015
2137,South Dakota,1,32,2015
2138,South Dakota,1,31,2015
2139,South Dakota,1,30,2015
2140,South Dakota,1,29,2015
2141,South Dakota,1,28,2015
2142,South Dakota,1,27,2015
2143,South Dakota,1,26,2015
2144,South Dakota,1,25,2015
2145,South Dakota,1,24,2015
2146,South Dakota,1,23,2015
2147,South Dakota,1,22,2015
2148,South Dakota,1,21,2015
2149,South Dakota,1,20,2015
2150,South Dakota,1,19,2015
2151,South Dakota,1,18,2015
2152,South Dakota,1,17,2015
2153,South Dakota,1,16,2015
2154,South Dakota,1,15,2015
2155,South Dakota,1,14,2015
2156,South Dakota,1,13,2015
2157,South Dakota,2,12,2015
2158,South Dakota,1,11,2015
2159,South Dakota,3,10,2015
2160,South Dakota,2,9,2015
2161,South Dakota,3,8,2015
2162,South Dakota,3,7,2015
2163,South Dakota,5,6,2015
2164,South Dakota,2,5,2015
2165,South Dakota,1,4,2015
2166,South Dakota,1,3,2015
2167,South Dakota,1,2,2015
2168,South Dakota,1,1,2015
2169,South Dakota,1,52,2015
2170,South Dakota,1,51,2015
2171,South Dakota,1,50,2015
2172,South Dakota,1,49,2015
2173,South Dakota,1,48,2015
2174,South Dakota,1,47,2015
2175,South Dakota,1,46,2015
2176,South Dakota,1,45,2015
2177,South Dakota,1,44,2015
2178,South Dakota,1,43,2015
2179,South Dakota,1,42,2015
2180,South Dakota,1,41,2015
2181,South Dakota,1,40,2015
2182,Tennessee,1,40,2015
2183,Tennessee,1,41,2015
2184,Tennessee,1,42,2015
2185,Tennessee,1,43,2015
2186,Tennessee,1,44,2015
2187,Tennessee,1,45,2015
2188,Tennessee,1,46,2015
2189,Tennessee,1,47,2015
2190,Tennessee,1,48,2015
2191,Tennessee,1,49,2015
2192,Tennessee,1,50,2015
2193,Tennessee,1,51,2015
2194,Tennessee,1,52,2015
2195,Tennessee,1,1,2015
2196,Tennessee,1,2,2015
2197,Tennessee,2,3,2015
2198,Tennessee,1,4,2015
2199,Tennessee,2,5,2015
2200,Tennessee,2,6,2015
2201,Tennessee,6,7,2015
2202,Tennessee,7,8,2015
2203,Tennessee,7,9,2015
2204,Tennessee,8,10,2015
2205,Tennessee,4,11,2015
2206,Tennessee,1,12,2015
2207,Tennessee,3,13,2015
2208,Tennessee,1,14,2015
2209,Tennessee,1,15,2015
2210,Tennessee,1,16,2015
2211,Tennessee,3,17,2015
2212,Tennessee,2,18,2015
2213,Tennessee,1,19,2015
2214,Tennessee,1,20,2015
2215,Tennessee,2,21,2015
2216,Tennessee,2,22,2015
2217,Tennessee,2,23,2015
2218,Tennessee,2,24,2015
2219,Tennessee,1,25,2015
2220,Tennessee,1,26,2015
2221,Tennessee,1,27,2015
2222,Tennessee,1,28,2015
2223,Tennessee,1,29,2015
2224,Tennessee,1,30,2015
2225,Tennessee,1,31,2015
2226,Tennessee,1,32,2015
2227,Tennessee,1,33,2015
2228,Tennessee,1,34,2015
2229,Tennessee,1,35,2015
2230,Tennessee,1,36,2015
2231,Tennessee,1,37,2015
2232,Tennessee,1,38,2015
2233,Tennessee,1,39,2015
2234,Texas,1,39,2015
2235,Texas,1,38,2015
2236,Texas,1,37,2015
2237,Texas,1,36,2015
2238,Texas,1,35,2015
2239,Texas,1,34,2015
2240,Texas,1,33,2015
2241,Texas,1,32,2015
2242,Texas,1,31,2015
2243,Texas,1,30,2015
2244,Texas,1,29,2015
2245,Texas,1,28,2015
2246,Texas,1,27,2015
2247,Texas,1,26,2015
2248,Texas,1,25,2015
2249,Texas,1,24,2015
2250,Texas,1,23,2015
2251,Texas,1,22,2015
2252,Texas,1,21,2015
2253,Texas,1,20,2015
2254,Texas,1,19,2015
2255,Texas,2,18,2015
2256,Texas,3,17,2015
2257,Texas,5,16,2015
2258,Texas,4,15,2015
2259,Texas,3,14,2015
2260,Texas,4,13,2015
2261,Texas,4,12,2015
2262,Texas,5,11,2015
2263,Texas,5,10,2015
2264,Texas,7,9,2015
2265,Texas,7,8,2015
2266,Texas,8,7,2015
2267,Texas,7,6,2015
2268,Texas,5,5,2015
2269,Texas,5,4,2015
2270,Texas,3,3,2015
2271,Texas,3,2,2015
2272,Texas,4,1,2015
2273,Texas,6,52,2015
2274,Texas,5,51,2015
2275,Texas,4,50,2015
2276,Texas,3,49,2015
2277,Texas,3,48,2015
2278,Texas,3,47,2015
2279,Texas,2,46,2015
2280,Texas,2,45,2015
2281,Texas,1,44,2015
2282,Texas,1,43,2015
2283,Texas,1,42,2015
2284,Texas,1,41,2015
2285,Texas,1,40,2015
2286,Utah,1,40,2015
2287,Utah,1,41,2015
2288,Utah,1,42,2015
2289,Utah,1,43,2015
2290,Utah,2,44,2015
2291,Utah,2,45,2015
2292,Utah,2,46,2015
2293,Utah,3,47,2015
2294,Utah,1,48,2015
2295,Utah,1,49,2015
2296,Utah,2,50,2015
2297,Utah,3,51,2015
2298,Utah,3,52,2015
2299,Utah,2,1,2015
2300,Utah,3,2,2015
2301,Utah,3,3,2015
2302,Utah,5,4,2015
2303,Utah,5,5,2015
2304,Utah,6,6,2015
2305,Utah,8,7,2015
2306,Utah,9,8,2015
2307,Utah,7,9,2015
2308,Utah,7,10,2015
2309,Utah,7,11,2015
2310,Utah,5,12,2015
2311,Utah,5,13,2015
2312,Utah,5,14,2015
2313,Utah,3,15,2015
2314,Utah,2,16,2015
2315,Utah,2,17,2015
2316,Utah,1,18,2015
2317,Utah,1,19,2015
2318,Utah,1,20,2015
2319,Utah,1,21,2015
2320,Utah,1,22,2015
2321,Utah,1,23,2015
2322,Utah,1,24,2015
2323,Utah,1,25,2015
2324,Utah,1,26,2015
2325,Utah,1,27,2015
2326,Utah,1,28,2015
2327,Utah,1,29,2015
2328,Utah,1,30,2015
2329,Utah,1,31,2015
2330,Utah,1,32,2015
2331,Utah,1,33,2015
2332,Utah,1,34,2015
2333,Utah,1,35,2015
2334,Utah,1,36,2015
2335,Utah,1,37,2015
2336,Utah,1,38,2015
2337,Utah,1,39,2015
2338,Vermont,1,39,2015
2339,Vermont,1,38,2015
2340,Vermont,1,37,2015
2341,Vermont,1,36,2015
2342,Vermont,1,35,2015
2343,Vermont,1,34,2015
2344,Vermont,1,33,2015
2345,Vermont,1,32,2015
2346,Vermont,1,31,2015
2347,Vermont,1,30,2015
2348,Vermont,1,29,2015
2349,Vermont,1,28,2015
2350,Vermont,1,27,2015
2351,Vermont,1,26,2015
2352,Vermont,1,25,2015
2353,Vermont,1,24,2015
2354,Vermont,1,23,2015
2355,Vermont,1,22,2015
2356,Vermont,1,21,2015
2357,Vermont,1,20,2015
2358,Vermont,1,19,2015
2359,Vermont,1,18,2015
2360,Vermont,1,17,2015
2361,Vermont,1,16,2015
2362,Vermont,1,15,2015
2363,Vermont,1,14,2015
2364,Vermont,1,13,2015
2365,Vermont,1,12,2015
2366,Vermont,3,11,2015
2367,Vermont,1,10,2015
2368,Vermont,1,9,2015
2369,Vermont,1,8,2015
2370,Vermont,2,7,2015
2371,Vermont,1,6,2015
2372,Vermont,1,5,2015
2373,Vermont,1,4,2015
2374,Vermont,1,3,2015
2375,Vermont,1,2,2015
2376,Vermont,1,1,2015
2377,Vermont,1,52,2015
2378,Vermont,1,51,2015
2379,Vermont,1,50,2015
2380,Vermont,1,49,2015
2381,Vermont,1,48,2015
2382,Vermont,1,47,2015
2383,Vermont,1,46,2015
2384,Vermont,1,45,2015
2385,Vermont,1,44,2015
2386,Vermont,1,43,2015
2387,Vermont,1,42,2015
2388,Vermont,1,41,2015
2389,Vermont,1,40,2015
2390,Virginia,1,40,2015
2391,Virginia,2,41,2015
2392,Virginia,3,42,2015
2393,Virginia,2,43,2015
2394,Virginia,2,44,2015
2395,Virginia,2,45,2015
2396,Virginia,3,46,2015
2397,Virginia,4,47,2015
2398,Virginia,3,48,2015
2399,Virginia,4,49,2015
2400,Virginia,4,50,2015
2401,Virginia,6,51,2015
2402,Virginia,5,52,2015
2403,Virginia,4,1,2015
2404,Virginia,4,2,2015
2405,Virginia,4,3,2015
2406,Virginia,3,4,2015
2407,Virginia,3,5,2015
2408,Virginia,3,6,2015
2409,Virginia,4,7,2015
2410,Virginia,5,8,2015
2411,Virginia,7,9,2015
2412,Virginia,9,10,2015
2413,Virginia,8,11,2015
2414,Virginia,7,12,2015
2415,Virginia,6,13,2015
2416,Virginia,4,14,2015
2417,Virginia,5,15,2015
2418,Virginia,5,16,2015
2419,Virginia,5,17,2015
2420,Virginia,4,18,2015
2421,Virginia,3,19,2015
2422,Virginia,2,20,2015
2423,Virginia,2,21,2015
2424,Virginia,2,22,2015
2425,Virginia,1,23,2015
2426,Virginia,1,24,2015
2427,Virginia,1,25,2015
2428,Virginia,1,26,2015
2429,Virginia,1,27,2015
2430,Virginia,1,28,2015
2431,Virginia,1,29,2015
2432,Virginia,1,30,2015
2433,Virginia,1,31,2015
2434,Virginia,1,32,2015
2435,Virginia,1,33,2015
2436,Virginia,1,34,2015
2437,Virginia,1,35,2015
2438,Virginia,1,36,2015
2439,Virginia,1,37,2015
2440,Virginia,1,38,2015
2441,Virginia,2,39,2015
2442,Washington,1,39,2015
2443,Washington,1,38,2015
2444,Washington,1,37,2015
2445,Washington,1,36,2015
2446,Washington,1,35,2015
2447,Washington,1,34,2015
2448,Washington,1,33,2015
2449,Washington,1,32,2015
2450,Washington,1,31,2015
2451,Washington,1,30,2015
2452,Washington,1,29,2015
2453,Washington,1,28,2015
2454,Washington,1,27,2015
2455,Washington,1,26,2015
2456,Washington,1,25,2015
2457,Washington,1,24,2015
2458,Washington,1,23,2015
2459,Washington,1,22,2015
2460,Washington,1,21,2015
2461,Washington,1,20,2015
2462,Washington,1,19,2015
2463,Washington,1,18,2015
2464,Washington,1,17,2015
2465,Washington,1,16,2015
2466,Washington,1,15,2015
2467,Washington,1,14,2015
2468,Washington,1,13,2015
2469,Washington,2,12,2015
2470,Washington,1,11,2015
2471,Washington,1,10,2015
2472,Washington,2,9,2015
2473,Washington,3,8,2015
2474,Washington,4,7,2015
2475,Washington,2,6,2015
2476,Washington,1,5,2015
2477,Washington,1,4,2015
2478,Washington,1,3,2015
2479,Washington,1,2,2015
2480,Washington,1,1,2015
2481,Washington,1,52,2015
2482,Washington,1,51,2015
2483,Washington,1,50,2015
2484,Washington,1,49,2015
2485,Washington,1,48,2015
2486,Washington,1,47,2015
2487,Washington,1,46,2015
2488,Washington,1,45,2015
2489,Washington,1,44,2015
2490,Washington,1,43,2015
2491,Washington,1,42,2015
2492,Washington,1,41,2015
2493,Washington,1,40,2015
2494,West Virginia,1,40,2015
2495,West Virginia,1,41,2015
2496,West Virginia,1,42,2015
2497,West Virginia,1,43,2015
2498,West Virginia,1,44,2015
2499,West Virginia,1,45,2015
2500,West Virginia,1,46,2015
2501,West Virginia,1,47,2015
2502,West Virginia,1,48,2015
2503,West Virginia,1,49,2015
2504,West Virginia,1,50,2015
2505,West Virginia,1,51,2015
2506,West Virginia,1,52,2015
2507,West Virginia,1,1,2015
2508,West Virginia,1,2,2015
2509,West Virginia,1,3,2015
2510,West Virginia,1,4,2015
2511,West Virginia,1,5,2015
2512,West Virginia,1,6,2015
2513,West Virginia,1,7,2015
2514,West Virginia,3,8,2015
2515,West Virginia,3,9,2015
2516,West Virginia,3,10,2015
2517,West Virginia,1,11,2015
2518,West Virginia,1,12,2015
2519,West Virginia,3,13,2015
2520,West Virginia,1,14,2015
2521,West Virginia,2,15,2015
2522,West Virginia,3,16,2015
2523,West Virginia,1,17,2015
2524,West Virginia,1,18,2015
2525,West Virginia,1,19,2015
2526,West Virginia,1,20,2015
2527,West Virginia,1,21,2015
2528,West Virginia,1,22,2015
2529,West Virginia,1,23,2015
2530,West Virginia,1,24,2015
2531,West Virginia,1,25,2015
2532,West Virginia,1,26,2015
2533,West Virginia,1,27,2015
2534,West Virginia,1,28,2015
2535,West Virginia,1,29,2015
2536,West Virginia,1,30,2015
2537,West Virginia,1,31,2015
2538,West Virginia,1,32,2015
2539,West Virginia,1,33,2015
2540,West Virginia,1,34,2015
2541,West Virginia,1,35,2015
2542,West Virginia,1,36,2015
2543,West Virginia,1,37,2015
2544,West Virginia,1,38,2015
2545,West Virginia,1,39,2015
2546,Wisconsin,1,39,2015
2547,Wisconsin,1,38,2015
2548,Wisconsin,1,37,2015
2549,Wisconsin,1,36,2015
2550,Wisconsin,1,35,2015
2551,Wisconsin,1,34,2015
2552,Wisconsin,1,33,2015
2553,Wisconsin,1,32,2015
2554,Wisconsin,1,31,2015
2555,Wisconsin,1,30,2015
2556,Wisconsin,1,29,2015
2557,Wisconsin,1,28,2015
2558,Wisconsin,1,27,2015
2559,Wisconsin,1,26,2015
2560,Wisconsin,1,25,2015
2561,Wisconsin,1,24,2015
2562,Wisconsin,1,23,2015
2563,Wisconsin,1,22,2015
2564,Wisconsin,1,21,2015
2565,Wisconsin,1,20,2015
2566,Wisconsin,1,19,2015
2567,Wisconsin,1,18,2015
2568,Wisconsin,1,17,2015
2569,Wisconsin,1,16,2015
2570,Wisconsin,1,15,2015
2571,Wisconsin,1,14,2015
2572,Wisconsin,2,13,2015
2573,Wisconsin,1,12,2015
2574,Wisconsin,2,11,2015
2575,Wisconsin,4,10,2015
2576,Wisconsin,3,9,2015
2577,Wisconsin,2,8,2015
2578,Wisconsin,1,7,2015
2579,Wisconsin,1,6,2015
2580,Wisconsin,1,5,2015
2581,Wisconsin,1,4,2015
2582,Wisconsin,1,3,2015
2583,Wisconsin,1,2,2015
2584,Wisconsin,1,1,2015
2585,Wisconsin,1,52,2015
2586,Wisconsin,1,51,2015
2587,Wisconsin,1,50,2015
2588,Wisconsin,1,49,2015
2589,Wisconsin,1,48,2015
2590,Wisconsin,1,47,2015
2591,Wisconsin,1,46,2015
2592,Wisconsin,1,45,2015
2593,Wisconsin,1,44,2015
2594,Wisconsin,1,43,2015
2595,Wisconsin,1,42,2015
2596,Wisconsin,1,41,2015
2597,Wisconsin,1,40,2015
2598,Wyoming,1,40,2015
2599,Wyoming,1,41,2015
2600,Wyoming,1,42,2015
2601,Wyoming,1,43,2015
2602,Wyoming,1,44,2015
2603,Wyoming,1,45,2015
2604,Wyoming,1,46,2015
2605,Wyoming,1,47,2015
2606,Wyoming,1,48,2015
2607,Wyoming,1,49,2015
2608,Wyoming,1,50,2015
2609,Wyoming,1,51,2015
2610,Wyoming,1,52,2015
2611,Wyoming,1,1,2015
2612,Wyoming,1,2,2015
2613,Wyoming,1,3,2015
2614,Wyoming,1,4,2015
2615,Wyoming,1,5,2015
2616,Wyoming,2,6,2015
2617,Wyoming,2,7,2015
2618,Wyoming,2,8,2015
2619,Wyoming,4,9,2015
2620,Wyoming,5,10,2015
2621,Wyoming,8,11,2015
2622,Wyoming,6,12,2015
2623,Wyoming,4,13,2015
2624,Wyoming,3,14,2015
2625,Wyoming,1,15,2015
2626,Wyoming,1,16,2015
2627,Wyoming,1,17,2015
2628,Wyoming,1,18,2015
2629,Wyoming,1,19,2015
2630,Wyoming,1,20,2015
2631,Wyoming,1,21,2015
2632,Wyoming,1,22,2015
2633,Wyoming,1,23,2015
2634,Wyoming,1,24,2015
2635,Wyoming,1,25,2015
2636,Wyoming,1,26,2015
2637,Wyoming,1,27,2015
2638,Wyoming,1,28,2015
2639,Wyoming,1,29,2015
2640,Wyoming,1,30,2015
2641,Wyoming,1,31,2015
2642,Wyoming,1,32,2015
2643,Wyoming,1,33,2015
2644,Wyoming,1,34,2015
2645,Wyoming,1,35,2015
2646,Wyoming,1,36,2015
2647,Wyoming,1,37,2015
2648,Wyoming,1,38,2015
2649,Wyoming,1,39,2015
2650,Puerto Rico,3,39,2015
2651,Puerto Rico,1,38,2015
2652,Puerto Rico,1,37,2015
2653,Puerto Rico,2,36,2015
2654,Puerto Rico,2,35,2015
2655,Puerto Rico,1,34,2015
2656,Puerto Rico,1,33,2015
2657,Puerto Rico,1,32,2015
2658,Puerto Rico,1,31,2015
2659,Puerto Rico,2,30,2015
2660,Puerto Rico,4,29,2015
2661,Puerto Rico,1,28,2015
2662,Puerto Rico,2,27,2015
2663,Puerto Rico,5,26,2015
2664,Puerto Rico,2,25,2015
2665,Puerto Rico,2,24,2015
2666,Puerto Rico,3,23,2015
2667,Puerto Rico,2,22,2015
2668,Puerto Rico,7,21,2015
2669,Puerto Rico,3,20,2015
2670,Puerto Rico,3,19,2015
2671,Puerto Rico,5,18,2015
2672,Puerto Rico,3,17,2015
2673,Puerto Rico,3,16,2015
2674,Puerto Rico,3,15,2015
2675,Puerto Rico,3,14,2015
2676,Puerto Rico,2,13,2015
2677,Puerto Rico,7,12,2015
2678,Puerto Rico,7,11,2015
2679,Puerto Rico,9,10,2015
2680,Puerto Rico,8,9,2015
2681,Puerto Rico,10,8,2015
2682,Puerto Rico,10,7,2015
2683,Puerto Rico,10,6,2015
2684,Puerto Rico,10,5,2015
2685,Puerto Rico,10,4,2015
2686,Puerto Rico,6,3,2015
2687,Puerto Rico,4,2,2015
2688,Puerto Rico,3,1,2015
2689,Puerto Rico,5,52,2015
2690,Puerto Rico,4,51,2015
2691,Puerto Rico,4,50,2015
2692,Puerto Rico,4,49,2015
2693,Puerto Rico,2,48,2015
2694,Puerto Rico,2,47,2015
2695,Puerto Rico,1,46,2015
2696,Puerto Rico,2,45,2015
2697,Puerto Rico,5,44,2015
2698,Puerto Rico,1,43,2015
2699,Puerto Rico,3,42,2015
2700,Puerto Rico,1,41,2015
2701,Puerto Rico,1,40,2015
2702,Virgin Islands,0,40,2015
2703,Virgin Islands,0,41,2015
2704,Virgin Islands,0,42,2015
2705,Virgin Islands,0,43,2015
2706,Virgin Islands,0,44,2015
2707,Virgin Islands,0,45,2015
2708,Virgin Islands,0,46,2015
2709,Virgin Islands,0,47,2015
2710,Virgin Islands,0,48,2015
2711,Virgin Islands,0,49,2015
2712,Virgin Islands,0,50,2015
2713,Virgin Islands,0,51,2015
2714,Virgin Islands,0,52,2015
2715,Virgin Islands,0,1,2015
2716,Virgin Islands,0,2,2015
2717,Virgin Islands,0,3,2015
2718,Virgin Islands,0,4,2015
2719,Virgin Islands,0,5,2015
2720,Virgin Islands,0,6,2015
2721,Virgin Islands,0,7,2015
2722,Virgin Islands,0,8,2015
2723,Virgin Islands,0,9,2015
2724,Virgin Islands,0,10,2015
2725,Virgin Islands,0,11,2015
2726,Virgin Islands,0,12,2015
2727,Virgin Islands,0,13,2015
2728,Virgin Islands,0,14,2015
2729,Virgin Islands,0,15,2015
2730,Virgin Islands,0,16,2015
2731,Virgin Islands,0,17,2015
2732,Virgin Islands,0,18,2015
2733,Virgin Islands,0,19,2015
2734,Virgin Islands,0,20,2015
2735,Virgin Islands,0,21,2015
2736,Virgin Islands,0,22,2015
2737,Virgin Islands,0,23,2015
2738,Virgin Islands,0,24,2015
2739,Virgin Islands,0,25,2015
2740,Virgin Islands,0,26,2015
2741,Virgin Islands,0,27,2015
2742,Virgin Islands,0,28,2015
2743,Virgin Islands,0,29,2015
2744,Virgin Islands,0,30,2015
2745,Virgin Islands,0,31,2015
2746,Virgin Islands,0,32,2015
2747,Virgin Islands,0,33,2015
2748,Virgin Islands,0,34,2015
2749,Virgin Islands,0,35,2015
2750,Virgin Islands,0,36,2015
2751,Virgin Islands,0,37,2015
2752,Virgin Islands,0,38,2015
2753,Virgin Islands,0,39,2015
2754,New York City,1,39,2015
2755,New York City,1,38,2015
2756,New York City,1,37,2015
2757,New York City,1,36,2015
2758,New York City,1,35,2015
2759,New York City,1,34,2015
2760,New York City,1,33,2015
2761,New York City,1,32,2015
2762,New York City,1,31,2015
2763,New York City,1,30,2015
2764,New York City,1,29,2015
2765,New York City,1,28,2015
2766,New York City,1,27,2015
2767,New York City,1,26,2015
2768,New York City,1,25,2015
2769,New York City,1,24,2015
2770,New York City,1,23,2015
2771,New York City,1,22,2015
2772,New York City,2,21,2015
2773,New York City,1,20,2015
2774,New York City,1,19,2015
2775,New York City,1,18,2015
2776,New York City,3,17,2015
2777,New York City,4,16,2015
2778,New York City,3,15,2015
2779,New York City,3,14,2015
2780,New York City,5,13,2015
2781,New York City,6,12,2015
2782,New York City,7,11,2015
2783,New York City,8,10,2015
2784,New York City,7,9,2015
2785,New York City,7,8,2015
2786,New York City,6,7,2015
2787,New York City,6,6,2015
2788,New York City,5,5,2015
2789,New York City,4,4,2015
2790,New York City,3,3,2015
2791,New York City,3,2,2015
2792,New York City,4,1,2015
2793,New York City,6,52,2015
2794,New York City,5,51,2015
2795,New York City,4,50,2015
2796,New York City,3,49,2015
2797,New York City,3,48,2015
2798,New York City,3,47,2015
2799,New York City,2,46,2015
2800,New York City,1,45,2015
2801,New York City,1,44,2015
2802,New York City,1,43,2015
2803,New York City,1,42,2015
2804,New York City,1,41,2015
2805,New York City,1,40,2015
